Region,St_Ele,St_ID,St_Lat,St_Lon,St_Name,date,region_id,PERSIANN_CDR
Mazandaran,1805,99361,36.07,52.84,Alasht,1/1/1983,MASA,35.14192367
Mazandaran,23.7,99309,36.48,52.47,Amol,1/1/1983,MASA,28.66469169
Mazandaran,-21,40736,36.7,52.64,Babolsar,1/1/1983,MASA,45.71181941
Mazandaran,2120,99357,36.2,51.8,Baladeh,1/1/1983,MASA,41.89796233
Mazandaran,-20,99306,36.86,53.39,Bandar-E-Amirabad,1/1/1983,MASA,45.67851746
Mazandaran,-10,99299,36.74,53.84,Galugah,1/1/1983,MASA,48.70281208
Mazandaran,14.7,40737,36.49,52.11,Gharakhil,1/1/1983,MASA,34.51913893
Mazandaran,1294.3,40760,36.25,53.55,Kiyasar,1/1/1983,MASA,42.47600639
Mazandaran,1550,99348,36.39,51.73,Kojur,1/1/1983,MASA,42.45688045
Mazandaran,-20.9,40734,36.66,51.47,Nowshahr,1/1/1983,MASA,55.75636899
Mazandaran,610,99360,36.1,53.06,Polsefid,1/1/1983,MASA,26.69631481
Mazandaran,-20,40732,36.9,50.68,Ramsar,1/1/1983,MASA,56.43081212
Mazandaran,23,40759,36.54,53,Sari,1/1/1983,MASA,42.14609599
Mazandaran,16.7,40788,36.64,53.2,Sari (Dasht-E-Naz Airport),1/1/1983,MASA,44.18930912
Mazandaran,1855.4,40735,36.23,51.3,Siahbisheh,1/1/1983,MASA,38.81672561
Mazandaran,1805,99361,36.07,52.84,Alasht,2/1/1983,MASA,20.40668654
Mazandaran,23.7,99309,36.48,52.47,Amol,2/1/1983,MASA,43.90673375
Mazandaran,-21,40736,36.7,52.64,Babolsar,2/1/1983,MASA,31.78936219
Mazandaran,2120,99357,36.2,51.8,Baladeh,2/1/1983,MASA,20.83740282
Mazandaran,-20,99306,36.86,53.39,Bandar-E-Amirabad,2/1/1983,MASA,30.74264669
Mazandaran,-10,99299,36.74,53.84,Galugah,2/1/1983,MASA,30.30743837
Mazandaran,14.7,40737,36.49,52.11,Gharakhil,2/1/1983,MASA,31.72515273
Mazandaran,1294.3,40760,36.25,53.55,Kiyasar,2/1/1983,MASA,22.76580667
Mazandaran,1550,99348,36.39,51.73,Kojur,2/1/1983,MASA,20.93104005
Mazandaran,-20.9,40734,36.66,51.47,Nowshahr,2/1/1983,MASA,32.12322533
Mazandaran,610,99360,36.1,53.06,Polsefid,2/1/1983,MASA,11.12978005
Mazandaran,-20,40732,36.9,50.68,Ramsar,2/1/1983,MASA,33.85327315
Mazandaran,23,40759,36.54,53,Sari,2/1/1983,MASA,20.69027793
Mazandaran,16.7,40788,36.64,53.2,Sari (Dasht-E-Naz Airport),2/1/1983,MASA,25.63839984
Mazandaran,1855.4,40735,36.23,51.3,Siahbisheh,2/1/1983,MASA,23.20268619
Mazandaran,1805,99361,36.07,52.84,Alasht,3/1/1983,MASA,48.47922182
Mazandaran,23.7,99309,36.48,52.47,Amol,3/1/1983,MASA,42.70311403
Mazandaran,-21,40736,36.7,52.64,Babolsar,3/1/1983,MASA,50.73294163
Mazandaran,2120,99357,36.2,51.8,Baladeh,3/1/1983,MASA,50.02075541
Mazandaran,-20,99306,36.86,53.39,Bandar-E-Amirabad,3/1/1983,MASA,32.9212867
Mazandaran,-10,99299,36.74,53.84,Galugah,3/1/1983,MASA,29.27864051
Mazandaran,14.7,40737,36.49,52.11,Gharakhil,3/1/1983,MASA,51.42163801
Mazandaran,1294.3,40760,36.25,53.55,Kiyasar,3/1/1983,MASA,37.08653188
Mazandaran,1550,99348,36.39,51.73,Kojur,3/1/1983,MASA,41.69378281
Mazandaran,-20.9,40734,36.66,51.47,Nowshahr,3/1/1983,MASA,46.78251183
Mazandaran,610,99360,36.1,53.06,Polsefid,3/1/1983,MASA,40.64380002
Mazandaran,-20,40732,36.9,50.68,Ramsar,3/1/1983,MASA,33.98875082
Mazandaran,23,40759,36.54,53,Sari,3/1/1983,MASA,47.16299701
Mazandaran,16.7,40788,36.64,53.2,Sari (Dasht-E-Naz Airport),3/1/1983,MASA,34.1503365
Mazandaran,1855.4,40735,36.23,51.3,Siahbisheh,3/1/1983,MASA,43.27768087
Mazandaran,1805,99361,36.07,52.84,Alasht,4/1/1983,MASA,45.66282713
Mazandaran,23.7,99309,36.48,52.47,Amol,4/1/1983,MASA,52.22814202
Mazandaran,-21,40736,36.7,52.64,Babolsar,4/1/1983,MASA,43.31430686
Mazandaran,2120,99357,36.2,51.8,Baladeh,4/1/1983,MASA,50.46908617
Mazandaran,-20,99306,36.86,53.39,Bandar-E-Amirabad,4/1/1983,MASA,39.05898535
Mazandaran,-10,99299,36.74,53.84,Galugah,4/1/1983,MASA,34.66403186
Mazandaran,14.7,40737,36.49,52.11,Gharakhil,4/1/1983,MASA,54.81806958
Mazandaran,1294.3,40760,36.25,53.55,Kiyasar,4/1/1983,MASA,42.22464037
Mazandaran,1550,99348,36.39,51.73,Kojur,4/1/1983,MASA,59.586694
Mazandaran,-20.9,40734,36.66,51.47,Nowshahr,4/1/1983,MASA,42.49598062
Mazandaran,610,99360,36.1,53.06,Polsefid,4/1/1983,MASA,48.89908838
Mazandaran,-20,40732,36.9,50.68,Ramsar,4/1/1983,MASA,51.65101528
Mazandaran,23,40759,36.54,53,Sari,4/1/1983,MASA,49.80069399
Mazandaran,16.7,40788,36.64,53.2,Sari (Dasht-E-Naz Airport),4/1/1983,MASA,47.18754745
Mazandaran,1855.4,40735,36.23,51.3,Siahbisheh,4/1/1983,MASA,69.86846209
Mazandaran,1805,99361,36.07,52.84,Alasht,5/1/1983,MASA,70.98222589
Mazandaran,23.7,99309,36.48,52.47,Amol,5/1/1983,MASA,52.12639195
Mazandaran,-21,40736,36.7,52.64,Babolsar,5/1/1983,MASA,46.9983741
Mazandaran,2120,99357,36.2,51.8,Baladeh,5/1/1983,MASA,53.77226156
Mazandaran,-20,99306,36.86,53.39,Bandar-E-Amirabad,5/1/1983,MASA,40.58115727
Mazandaran,-10,99299,36.74,53.84,Galugah,5/1/1983,MASA,57.41694623
Mazandaran,14.7,40737,36.49,52.11,Gharakhil,5/1/1983,MASA,48.94370008
Mazandaran,1294.3,40760,36.25,53.55,Kiyasar,5/1/1983,MASA,76.22686028
Mazandaran,1550,99348,36.39,51.73,Kojur,5/1/1983,MASA,58.3349849
Mazandaran,-20.9,40734,36.66,51.47,Nowshahr,5/1/1983,MASA,48.46991718
Mazandaran,610,99360,36.1,53.06,Polsefid,5/1/1983,MASA,65.60931975
Mazandaran,-20,40732,36.9,50.68,Ramsar,5/1/1983,MASA,50.176759
Mazandaran,23,40759,36.54,53,Sari,5/1/1983,MASA,49.64144355
Mazandaran,16.7,40788,36.64,53.2,Sari (Dasht-E-Naz Airport),5/1/1983,MASA,47.48564136
Mazandaran,1855.4,40735,36.23,51.3,Siahbisheh,5/1/1983,MASA,55.23727751
Mazandaran,1805,99361,36.07,52.84,Alasht,6/1/1983,MASA,18.20701361
Mazandaran,23.7,99309,36.48,52.47,Amol,6/1/1983,MASA,8.192927599
Mazandaran,-21,40736,36.7,52.64,Babolsar,6/1/1983,MASA,29.52436924
Mazandaran,2120,99357,36.2,51.8,Baladeh,6/1/1983,MASA,22.62733126
Mazandaran,-20,99306,36.86,53.39,Bandar-E-Amirabad,6/1/1983,MASA,8.801087618
Mazandaran,-10,99299,36.74,53.84,Galugah,6/1/1983,MASA,14.34571314
Mazandaran,14.7,40737,36.49,52.11,Gharakhil,6/1/1983,MASA,14.04671597
Mazandaran,1294.3,40760,36.25,53.55,Kiyasar,6/1/1983,MASA,16.90619755
Mazandaran,1550,99348,36.39,51.73,Kojur,6/1/1983,MASA,25.57364464
Mazandaran,-20.9,40734,36.66,51.47,Nowshahr,6/1/1983,MASA,21.82872534
Mazandaran,610,99360,36.1,53.06,Polsefid,6/1/1983,MASA,27.88569927
Mazandaran,-20,40732,36.9,50.68,Ramsar,6/1/1983,MASA,40.34816408
Mazandaran,23,40759,36.54,53,Sari,6/1/1983,MASA,25.95581532
Mazandaran,16.7,40788,36.64,53.2,Sari (Dasht-E-Naz Airport),6/1/1983,MASA,15.21445704
Mazandaran,1855.4,40735,36.23,51.3,Siahbisheh,6/1/1983,MASA,10.15300179
Mazandaran,1805,99361,36.07,52.84,Alasht,7/1/1983,MASA,0
Mazandaran,23.7,99309,36.48,52.47,Amol,7/1/1983,MASA,0
Mazandaran,-21,40736,36.7,52.64,Babolsar,7/1/1983,MASA,0
Mazandaran,2120,99357,36.2,51.8,Baladeh,7/1/1983,MASA,0
Mazandaran,-20,99306,36.86,53.39,Bandar-E-Amirabad,7/1/1983,MASA,0
Mazandaran,-10,99299,36.74,53.84,Galugah,7/1/1983,MASA,0
Mazandaran,14.7,40737,36.49,52.11,Gharakhil,7/1/1983,MASA,0
Mazandaran,1294.3,40760,36.25,53.55,Kiyasar,7/1/1983,MASA,0
Mazandaran,1550,99348,36.39,51.73,Kojur,7/1/1983,MASA,0
Mazandaran,-20.9,40734,36.66,51.47,Nowshahr,7/1/1983,MASA,0
Mazandaran,610,99360,36.1,53.06,Polsefid,7/1/1983,MASA,0
Mazandaran,-20,40732,36.9,50.68,Ramsar,7/1/1983,MASA,0
Mazandaran,23,40759,36.54,53,Sari,7/1/1983,MASA,0
Mazandaran,16.7,40788,36.64,53.2,Sari (Dasht-E-Naz Airport),7/1/1983,MASA,0
Mazandaran,1855.4,40735,36.23,51.3,Siahbisheh,7/1/1983,MASA,8.788770676
Mazandaran,1805,99361,36.07,52.84,Alasht,8/1/1983,MASA,0
Mazandaran,23.7,99309,36.48,52.47,Amol,8/1/1983,MASA,0
Mazandaran,-21,40736,36.7,52.64,Babolsar,8/1/1983,MASA,0
Mazandaran,2120,99357,36.2,51.8,Baladeh,8/1/1983,MASA,7.40619421
Mazandaran,-20,99306,36.86,53.39,Bandar-E-Amirabad,8/1/1983,MASA,0
Mazandaran,-10,99299,36.74,53.84,Galugah,8/1/1983,MASA,0
Mazandaran,14.7,40737,36.49,52.11,Gharakhil,8/1/1983,MASA,0
Mazandaran,1294.3,40760,36.25,53.55,Kiyasar,8/1/1983,MASA,0
Mazandaran,1550,99348,36.39,51.73,Kojur,8/1/1983,MASA,0
Mazandaran,-20.9,40734,36.66,51.47,Nowshahr,8/1/1983,MASA,0
Mazandaran,610,99360,36.1,53.06,Polsefid,8/1/1983,MASA,0
Mazandaran,-20,40732,36.9,50.68,Ramsar,8/1/1983,MASA,0
Mazandaran,23,40759,36.54,53,Sari,8/1/1983,MASA,0
Mazandaran,16.7,40788,36.64,53.2,Sari (Dasht-E-Naz Airport),8/1/1983,MASA,0
Mazandaran,1855.4,40735,36.23,51.3,Siahbisheh,8/1/1983,MASA,0
Mazandaran,1805,99361,36.07,52.84,Alasht,9/1/1983,MASA,0
Mazandaran,23.7,99309,36.48,52.47,Amol,9/1/1983,MASA,0
Mazandaran,-21,40736,36.7,52.64,Babolsar,9/1/1983,MASA,0
Mazandaran,2120,99357,36.2,51.8,Baladeh,9/1/1983,MASA,0
Mazandaran,-20,99306,36.86,53.39,Bandar-E-Amirabad,9/1/1983,MASA,0
Mazandaran,-10,99299,36.74,53.84,Galugah,9/1/1983,MASA,0
Mazandaran,14.7,40737,36.49,52.11,Gharakhil,9/1/1983,MASA,7.179429054
Mazandaran,1294.3,40760,36.25,53.55,Kiyasar,9/1/1983,MASA,0
Mazandaran,1550,99348,36.39,51.73,Kojur,9/1/1983,MASA,0
Mazandaran,-20.9,40734,36.66,51.47,Nowshahr,9/1/1983,MASA,0
Mazandaran,610,99360,36.1,53.06,Polsefid,9/1/1983,MASA,0
Mazandaran,-20,40732,36.9,50.68,Ramsar,9/1/1983,MASA,0
Mazandaran,23,40759,36.54,53,Sari,9/1/1983,MASA,0
Mazandaran,16.7,40788,36.64,53.2,Sari (Dasht-E-Naz Airport),9/1/1983,MASA,0
Mazandaran,1855.4,40735,36.23,51.3,Siahbisheh,9/1/1983,MASA,0
Mazandaran,1805,99361,36.07,52.84,Alasht,10/1/1983,MASA,0
Mazandaran,23.7,99309,36.48,52.47,Amol,10/1/1983,MASA,0
Mazandaran,-21,40736,36.7,52.64,Babolsar,10/1/1983,MASA,6.90410471
Mazandaran,2120,99357,36.2,51.8,Baladeh,10/1/1983,MASA,0
Mazandaran,-20,99306,36.86,53.39,Bandar-E-Amirabad,10/1/1983,MASA,10.52773094
Mazandaran,-10,99299,36.74,53.84,Galugah,10/1/1983,MASA,5.387241364
Mazandaran,14.7,40737,36.49,52.11,Gharakhil,10/1/1983,MASA,0
Mazandaran,1294.3,40760,36.25,53.55,Kiyasar,10/1/1983,MASA,0
Mazandaran,1550,99348,36.39,51.73,Kojur,10/1/1983,MASA,0
Mazandaran,-20.9,40734,36.66,51.47,Nowshahr,10/1/1983,MASA,20.30412149
Mazandaran,610,99360,36.1,53.06,Polsefid,10/1/1983,MASA,0
Mazandaran,-20,40732,36.9,50.68,Ramsar,10/1/1983,MASA,45.28890228
Mazandaran,23,40759,36.54,53,Sari,10/1/1983,MASA,5.860052586
Mazandaran,16.7,40788,36.64,53.2,Sari (Dasht-E-Naz Airport),10/1/1983,MASA,5.650667667
Mazandaran,1855.4,40735,36.23,51.3,Siahbisheh,10/1/1983,MASA,0
Mazandaran,1805,99361,36.07,52.84,Alasht,11/1/1983,MASA,30.16093791
Mazandaran,23.7,99309,36.48,52.47,Amol,11/1/1983,MASA,32.21839714
Mazandaran,-21,40736,36.7,52.64,Babolsar,11/1/1983,MASA,16.26440156
Mazandaran,2120,99357,36.2,51.8,Baladeh,11/1/1983,MASA,39.97366142
Mazandaran,-20,99306,36.86,53.39,Bandar-E-Amirabad,11/1/1983,MASA,21.5354104
Mazandaran,-10,99299,36.74,53.84,Galugah,11/1/1983,MASA,17.42046499
Mazandaran,14.7,40737,36.49,52.11,Gharakhil,11/1/1983,MASA,34.71118009
Mazandaran,1294.3,40760,36.25,53.55,Kiyasar,11/1/1983,MASA,20.10992414
Mazandaran,1550,99348,36.39,51.73,Kojur,11/1/1983,MASA,53.40477765
Mazandaran,-20.9,40734,36.66,51.47,Nowshahr,11/1/1983,MASA,45.46710289
Mazandaran,610,99360,36.1,53.06,Polsefid,11/1/1983,MASA,18.20083761
Mazandaran,-20,40732,36.9,50.68,Ramsar,11/1/1983,MASA,54.83173442
Mazandaran,23,40759,36.54,53,Sari,11/1/1983,MASA,18.83962655
Mazandaran,16.7,40788,36.64,53.2,Sari (Dasht-E-Naz Airport),11/1/1983,MASA,14.04188418
Mazandaran,1855.4,40735,36.23,51.3,Siahbisheh,11/1/1983,MASA,36.43261862
Mazandaran,1805,99361,36.07,52.84,Alasht,12/1/1983,MASA,51.72161841
Mazandaran,23.7,99309,36.48,52.47,Amol,12/1/1983,MASA,83.53515244
Mazandaran,-21,40736,36.7,52.64,Babolsar,12/1/1983,MASA,78.55170846
Mazandaran,2120,99357,36.2,51.8,Baladeh,12/1/1983,MASA,72.47230339
Mazandaran,-20,99306,36.86,53.39,Bandar-E-Amirabad,12/1/1983,MASA,57.96232414
Mazandaran,-10,99299,36.74,53.84,Galugah,12/1/1983,MASA,25.07353139
Mazandaran,14.7,40737,36.49,52.11,Gharakhil,12/1/1983,MASA,87.16495872
Mazandaran,1294.3,40760,36.25,53.55,Kiyasar,12/1/1983,MASA,49.21109414
Mazandaran,1550,99348,36.39,51.73,Kojur,12/1/1983,MASA,109.392524
Mazandaran,-20.9,40734,36.66,51.47,Nowshahr,12/1/1983,MASA,103.8697643
Mazandaran,610,99360,36.1,53.06,Polsefid,12/1/1983,MASA,69.58009768
Mazandaran,-20,40732,36.9,50.68,Ramsar,12/1/1983,MASA,96.95012665
Mazandaran,23,40759,36.54,53,Sari,12/1/1983,MASA,71.57005644
Mazandaran,16.7,40788,36.64,53.2,Sari (Dasht-E-Naz Airport),12/1/1983,MASA,55.17295718
Mazandaran,1855.4,40735,36.23,51.3,Siahbisheh,12/1/1983,MASA,85.30944157
Mazandaran,1805,99361,36.07,52.84,Alasht,1/1/1984,MASA,64.25333166
Mazandaran,23.7,99309,36.48,52.47,Amol,1/1/1984,MASA,47.69738293
Mazandaran,-21,40736,36.7,52.64,Babolsar,1/1/1984,MASA,59.24476624
Mazandaran,2120,99357,36.2,51.8,Baladeh,1/1/1984,MASA,67.05777478
Mazandaran,-20,99306,36.86,53.39,Bandar-E-Amirabad,1/1/1984,MASA,52.34984183
Mazandaran,-10,99299,36.74,53.84,Galugah,1/1/1984,MASA,46.89571023
Mazandaran,14.7,40737,36.49,52.11,Gharakhil,1/1/1984,MASA,60.05955625
Mazandaran,1294.3,40760,36.25,53.55,Kiyasar,1/1/1984,MASA,69.13442397
Mazandaran,1550,99348,36.39,51.73,Kojur,1/1/1984,MASA,50.61159968
Mazandaran,-20.9,40734,36.66,51.47,Nowshahr,1/1/1984,MASA,43.47549915
Mazandaran,610,99360,36.1,53.06,Polsefid,1/1/1984,MASA,62.70891833
Mazandaran,-20,40732,36.9,50.68,Ramsar,1/1/1984,MASA,61.80366063
Mazandaran,23,40759,36.54,53,Sari,1/1/1984,MASA,61.97923112
Mazandaran,16.7,40788,36.64,53.2,Sari (Dasht-E-Naz Airport),1/1/1984,MASA,71.18135285
Mazandaran,1855.4,40735,36.23,51.3,Siahbisheh,1/1/1984,MASA,52.30316782
Mazandaran,1805,99361,36.07,52.84,Alasht,2/1/1984,MASA,
Mazandaran,23.7,99309,36.48,52.47,Amol,2/1/1984,MASA,
Mazandaran,-21,40736,36.7,52.64,Babolsar,2/1/1984,MASA,
Mazandaran,2120,99357,36.2,51.8,Baladeh,2/1/1984,MASA,
Mazandaran,-20,99306,36.86,53.39,Bandar-E-Amirabad,2/1/1984,MASA,
Mazandaran,-10,99299,36.74,53.84,Galugah,2/1/1984,MASA,
Mazandaran,14.7,40737,36.49,52.11,Gharakhil,2/1/1984,MASA,
Mazandaran,1294.3,40760,36.25,53.55,Kiyasar,2/1/1984,MASA,
Mazandaran,1550,99348,36.39,51.73,Kojur,2/1/1984,MASA,
Mazandaran,-20.9,40734,36.66,51.47,Nowshahr,2/1/1984,MASA,
Mazandaran,610,99360,36.1,53.06,Polsefid,2/1/1984,MASA,
Mazandaran,-20,40732,36.9,50.68,Ramsar,2/1/1984,MASA,
Mazandaran,23,40759,36.54,53,Sari,2/1/1984,MASA,
Mazandaran,16.7,40788,36.64,53.2,Sari (Dasht-E-Naz Airport),2/1/1984,MASA,
Mazandaran,1855.4,40735,36.23,51.3,Siahbisheh,2/1/1984,MASA,
Mazandaran,1805,99361,36.07,52.84,Alasht,3/1/1984,MASA,48.38884962
Mazandaran,23.7,99309,36.48,52.47,Amol,3/1/1984,MASA,54.88790977
Mazandaran,-21,40736,36.7,52.64,Babolsar,3/1/1984,MASA,47.89192039
Mazandaran,2120,99357,36.2,51.8,Baladeh,3/1/1984,MASA,55.30329087
Mazandaran,-20,99306,36.86,53.39,Bandar-E-Amirabad,3/1/1984,MASA,39.20155495
Mazandaran,-10,99299,36.74,53.84,Galugah,3/1/1984,MASA,39.25501496
Mazandaran,14.7,40737,36.49,52.11,Gharakhil,3/1/1984,MASA,59.7041589
Mazandaran,1294.3,40760,36.25,53.55,Kiyasar,3/1/1984,MASA,41.13701737
Mazandaran,1550,99348,36.39,51.73,Kojur,3/1/1984,MASA,58.21810472
Mazandaran,-20.9,40734,36.66,51.47,Nowshahr,3/1/1984,MASA,54.66580161
Mazandaran,610,99360,36.1,53.06,Polsefid,3/1/1984,MASA,43.89622837
Mazandaran,-20,40732,36.9,50.68,Ramsar,3/1/1984,MASA,61.34142908
Mazandaran,23,40759,36.54,53,Sari,3/1/1984,MASA,46.18688217
Mazandaran,16.7,40788,36.64,53.2,Sari (Dasht-E-Naz Airport),3/1/1984,MASA,43.63839209
Mazandaran,1855.4,40735,36.23,51.3,Siahbisheh,3/1/1984,MASA,63.47617096
Mazandaran,1805,99361,36.07,52.84,Alasht,4/1/1984,MASA,21.15886658
Mazandaran,23.7,99309,36.48,52.47,Amol,4/1/1984,MASA,30.25253609
Mazandaran,-21,40736,36.7,52.64,Babolsar,4/1/1984,MASA,26.69129112
Mazandaran,2120,99357,36.2,51.8,Baladeh,4/1/1984,MASA,24.62135795
Mazandaran,-20,99306,36.86,53.39,Bandar-E-Amirabad,4/1/1984,MASA,19.46467379
Mazandaran,-10,99299,36.74,53.84,Galugah,4/1/1984,MASA,18.03754759
Mazandaran,14.7,40737,36.49,52.11,Gharakhil,4/1/1984,MASA,30.23043892
Mazandaran,1294.3,40760,36.25,53.55,Kiyasar,4/1/1984,MASA,18.06877422
Mazandaran,1550,99348,36.39,51.73,Kojur,4/1/1984,MASA,28.80141839
Mazandaran,-20.9,40734,36.66,51.47,Nowshahr,4/1/1984,MASA,35.95722827
Mazandaran,610,99360,36.1,53.06,Polsefid,4/1/1984,MASA,22.15071243
Mazandaran,-20,40732,36.9,50.68,Ramsar,4/1/1984,MASA,43.53871429
Mazandaran,23,40759,36.54,53,Sari,4/1/1984,MASA,24.96132761
Mazandaran,16.7,40788,36.64,53.2,Sari (Dasht-E-Naz Airport),4/1/1984,MASA,21.7884573
Mazandaran,1855.4,40735,36.23,51.3,Siahbisheh,4/1/1984,MASA,33.93656766
Mazandaran,1805,99361,36.07,52.84,Alasht,5/1/1984,MASA,
Mazandaran,23.7,99309,36.48,52.47,Amol,5/1/1984,MASA,
Mazandaran,-21,40736,36.7,52.64,Babolsar,5/1/1984,MASA,
Mazandaran,2120,99357,36.2,51.8,Baladeh,5/1/1984,MASA,
Mazandaran,-20,99306,36.86,53.39,Bandar-E-Amirabad,5/1/1984,MASA,
Mazandaran,-10,99299,36.74,53.84,Galugah,5/1/1984,MASA,
Mazandaran,14.7,40737,36.49,52.11,Gharakhil,5/1/1984,MASA,
Mazandaran,1294.3,40760,36.25,53.55,Kiyasar,5/1/1984,MASA,
Mazandaran,1550,99348,36.39,51.73,Kojur,5/1/1984,MASA,
Mazandaran,-20.9,40734,36.66,51.47,Nowshahr,5/1/1984,MASA,
Mazandaran,610,99360,36.1,53.06,Polsefid,5/1/1984,MASA,
Mazandaran,-20,40732,36.9,50.68,Ramsar,5/1/1984,MASA,
Mazandaran,23,40759,36.54,53,Sari,5/1/1984,MASA,
Mazandaran,16.7,40788,36.64,53.2,Sari (Dasht-E-Naz Airport),5/1/1984,MASA,
Mazandaran,1855.4,40735,36.23,51.3,Siahbisheh,5/1/1984,MASA,
Mazandaran,1805,99361,36.07,52.84,Alasht,6/1/1984,MASA,
Mazandaran,23.7,99309,36.48,52.47,Amol,6/1/1984,MASA,
Mazandaran,-21,40736,36.7,52.64,Babolsar,6/1/1984,MASA,
Mazandaran,2120,99357,36.2,51.8,Baladeh,6/1/1984,MASA,
Mazandaran,-20,99306,36.86,53.39,Bandar-E-Amirabad,6/1/1984,MASA,
Mazandaran,-10,99299,36.74,53.84,Galugah,6/1/1984,MASA,
Mazandaran,14.7,40737,36.49,52.11,Gharakhil,6/1/1984,MASA,
Mazandaran,1294.3,40760,36.25,53.55,Kiyasar,6/1/1984,MASA,
Mazandaran,1550,99348,36.39,51.73,Kojur,6/1/1984,MASA,
Mazandaran,-20.9,40734,36.66,51.47,Nowshahr,6/1/1984,MASA,
Mazandaran,610,99360,36.1,53.06,Polsefid,6/1/1984,MASA,
Mazandaran,-20,40732,36.9,50.68,Ramsar,6/1/1984,MASA,
Mazandaran,23,40759,36.54,53,Sari,6/1/1984,MASA,
Mazandaran,16.7,40788,36.64,53.2,Sari (Dasht-E-Naz Airport),6/1/1984,MASA,
Mazandaran,1855.4,40735,36.23,51.3,Siahbisheh,6/1/1984,MASA,
Mazandaran,1805,99361,36.07,52.84,Alasht,7/1/1984,MASA,0
Mazandaran,23.7,99309,36.48,52.47,Amol,7/1/1984,MASA,0
Mazandaran,-21,40736,36.7,52.64,Babolsar,7/1/1984,MASA,0
Mazandaran,2120,99357,36.2,51.8,Baladeh,7/1/1984,MASA,2.950719118
Mazandaran,-20,99306,36.86,53.39,Bandar-E-Amirabad,7/1/1984,MASA,0
Mazandaran,-10,99299,36.74,53.84,Galugah,7/1/1984,MASA,0
Mazandaran,14.7,40737,36.49,52.11,Gharakhil,7/1/1984,MASA,0
Mazandaran,1294.3,40760,36.25,53.55,Kiyasar,7/1/1984,MASA,0
Mazandaran,1550,99348,36.39,51.73,Kojur,7/1/1984,MASA,0
Mazandaran,-20.9,40734,36.66,51.47,Nowshahr,7/1/1984,MASA,0
Mazandaran,610,99360,36.1,53.06,Polsefid,7/1/1984,MASA,0
Mazandaran,-20,40732,36.9,50.68,Ramsar,7/1/1984,MASA,0
Mazandaran,23,40759,36.54,53,Sari,7/1/1984,MASA,0
Mazandaran,16.7,40788,36.64,53.2,Sari (Dasht-E-Naz Airport),7/1/1984,MASA,0
Mazandaran,1855.4,40735,36.23,51.3,Siahbisheh,7/1/1984,MASA,8.04525733
Mazandaran,1805,99361,36.07,52.84,Alasht,8/1/1984,MASA,0
Mazandaran,23.7,99309,36.48,52.47,Amol,8/1/1984,MASA,0
Mazandaran,-21,40736,36.7,52.64,Babolsar,8/1/1984,MASA,0
Mazandaran,2120,99357,36.2,51.8,Baladeh,8/1/1984,MASA,0
Mazandaran,-20,99306,36.86,53.39,Bandar-E-Amirabad,8/1/1984,MASA,0
Mazandaran,-10,99299,36.74,53.84,Galugah,8/1/1984,MASA,0
Mazandaran,14.7,40737,36.49,52.11,Gharakhil,8/1/1984,MASA,0
Mazandaran,1294.3,40760,36.25,53.55,Kiyasar,8/1/1984,MASA,0
Mazandaran,1550,99348,36.39,51.73,Kojur,8/1/1984,MASA,0
Mazandaran,-20.9,40734,36.66,51.47,Nowshahr,8/1/1984,MASA,0
Mazandaran,610,99360,36.1,53.06,Polsefid,8/1/1984,MASA,0
Mazandaran,-20,40732,36.9,50.68,Ramsar,8/1/1984,MASA,0
Mazandaran,23,40759,36.54,53,Sari,8/1/1984,MASA,0
Mazandaran,16.7,40788,36.64,53.2,Sari (Dasht-E-Naz Airport),8/1/1984,MASA,0
Mazandaran,1855.4,40735,36.23,51.3,Siahbisheh,8/1/1984,MASA,7.114967346
Mazandaran,1805,99361,36.07,52.84,Alasht,9/1/1984,MASA,0
Mazandaran,23.7,99309,36.48,52.47,Amol,9/1/1984,MASA,0
Mazandaran,-21,40736,36.7,52.64,Babolsar,9/1/1984,MASA,0
Mazandaran,2120,99357,36.2,51.8,Baladeh,9/1/1984,MASA,0
Mazandaran,-20,99306,36.86,53.39,Bandar-E-Amirabad,9/1/1984,MASA,0
Mazandaran,-10,99299,36.74,53.84,Galugah,9/1/1984,MASA,0
Mazandaran,14.7,40737,36.49,52.11,Gharakhil,9/1/1984,MASA,0
Mazandaran,1294.3,40760,36.25,53.55,Kiyasar,9/1/1984,MASA,6.993540287
Mazandaran,1550,99348,36.39,51.73,Kojur,9/1/1984,MASA,0
Mazandaran,-20.9,40734,36.66,51.47,Nowshahr,9/1/1984,MASA,0
Mazandaran,610,99360,36.1,53.06,Polsefid,9/1/1984,MASA,0
Mazandaran,-20,40732,36.9,50.68,Ramsar,9/1/1984,MASA,0
Mazandaran,23,40759,36.54,53,Sari,9/1/1984,MASA,0
Mazandaran,16.7,40788,36.64,53.2,Sari (Dasht-E-Naz Airport),9/1/1984,MASA,0
Mazandaran,1855.4,40735,36.23,51.3,Siahbisheh,9/1/1984,MASA,0
Mazandaran,1805,99361,36.07,52.84,Alasht,10/1/1984,MASA,31.6624794
Mazandaran,23.7,99309,36.48,52.47,Amol,10/1/1984,MASA,51.29485989
Mazandaran,-21,40736,36.7,52.64,Babolsar,10/1/1984,MASA,66.78312564
Mazandaran,2120,99357,36.2,51.8,Baladeh,10/1/1984,MASA,35.14512229
Mazandaran,-20,99306,36.86,53.39,Bandar-E-Amirabad,10/1/1984,MASA,34.42769289
Mazandaran,-10,99299,36.74,53.84,Galugah,10/1/1984,MASA,27.97250986
Mazandaran,14.7,40737,36.49,52.11,Gharakhil,10/1/1984,MASA,38.90791774
Mazandaran,1294.3,40760,36.25,53.55,Kiyasar,10/1/1984,MASA,12.66588688
Mazandaran,1550,99348,36.39,51.73,Kojur,10/1/1984,MASA,47.99640751
Mazandaran,-20.9,40734,36.66,51.47,Nowshahr,10/1/1984,MASA,64.4370141
Mazandaran,610,99360,36.1,53.06,Polsefid,10/1/1984,MASA,38.04346657
Mazandaran,-20,40732,36.9,50.68,Ramsar,10/1/1984,MASA,33.11857772
Mazandaran,23,40759,36.54,53,Sari,10/1/1984,MASA,48.99669266
Mazandaran,16.7,40788,36.64,53.2,Sari (Dasht-E-Naz Airport),10/1/1984,MASA,41.28764153
Mazandaran,1855.4,40735,36.23,51.3,Siahbisheh,10/1/1984,MASA,42.79066992
Mazandaran,1805,99361,36.07,52.84,Alasht,11/1/1984,MASA,59.5430634
Mazandaran,23.7,99309,36.48,52.47,Amol,11/1/1984,MASA,59.7674098
Mazandaran,-21,40736,36.7,52.64,Babolsar,11/1/1984,MASA,60.30973446
Mazandaran,2120,99357,36.2,51.8,Baladeh,11/1/1984,MASA,74.26488137
Mazandaran,-20,99306,36.86,53.39,Bandar-E-Amirabad,11/1/1984,MASA,39.17211938
Mazandaran,-10,99299,36.74,53.84,Galugah,11/1/1984,MASA,45.86905587
Mazandaran,14.7,40737,36.49,52.11,Gharakhil,11/1/1984,MASA,62.81466198
Mazandaran,1294.3,40760,36.25,53.55,Kiyasar,11/1/1984,MASA,42.22437668
Mazandaran,1550,99348,36.39,51.73,Kojur,11/1/1984,MASA,60.54794312
Mazandaran,-20.9,40734,36.66,51.47,Nowshahr,11/1/1984,MASA,81.80914879
Mazandaran,610,99360,36.1,53.06,Polsefid,11/1/1984,MASA,58.96882343
Mazandaran,-20,40732,36.9,50.68,Ramsar,11/1/1984,MASA,99.40185714
Mazandaran,23,40759,36.54,53,Sari,11/1/1984,MASA,55.07247281
Mazandaran,16.7,40788,36.64,53.2,Sari (Dasht-E-Naz Airport),11/1/1984,MASA,54.58685362
Mazandaran,1855.4,40735,36.23,51.3,Siahbisheh,11/1/1984,MASA,80.04609513
Mazandaran,1805,99361,36.07,52.84,Alasht,12/1/1984,MASA,56.46325541
Mazandaran,23.7,99309,36.48,52.47,Amol,12/1/1984,MASA,56.51557541
Mazandaran,-21,40736,36.7,52.64,Babolsar,12/1/1984,MASA,41.69420242
Mazandaran,2120,99357,36.2,51.8,Baladeh,12/1/1984,MASA,13.32641029
Mazandaran,-20,99306,36.86,53.39,Bandar-E-Amirabad,12/1/1984,MASA,54.97157192
Mazandaran,-10,99299,36.74,53.84,Galugah,12/1/1984,MASA,26.10336876
Mazandaran,14.7,40737,36.49,52.11,Gharakhil,12/1/1984,MASA,48.78520775
Mazandaran,1294.3,40760,36.25,53.55,Kiyasar,12/1/1984,MASA,22.21169853
Mazandaran,1550,99348,36.39,51.73,Kojur,12/1/1984,MASA,51.24418163
Mazandaran,-20.9,40734,36.66,51.47,Nowshahr,12/1/1984,MASA,91.35423088
Mazandaran,610,99360,36.1,53.06,Polsefid,12/1/1984,MASA,21.07767963
Mazandaran,-20,40732,36.9,50.68,Ramsar,12/1/1984,MASA,19.67276812
Mazandaran,23,40759,36.54,53,Sari,12/1/1984,MASA,51.74852657
Mazandaran,16.7,40788,36.64,53.2,Sari (Dasht-E-Naz Airport),12/1/1984,MASA,49.86890841
Mazandaran,1855.4,40735,36.23,51.3,Siahbisheh,12/1/1984,MASA,55.72670269
Mazandaran,1805,99361,36.07,52.84,Alasht,1/1/1985,MASA,53.68331385
Mazandaran,23.7,99309,36.48,52.47,Amol,1/1/1985,MASA,52.84928966
Mazandaran,-21,40736,36.7,52.64,Babolsar,1/1/1985,MASA,51.40449703
Mazandaran,2120,99357,36.2,51.8,Baladeh,1/1/1985,MASA,61.07329023
Mazandaran,-20,99306,36.86,53.39,Bandar-E-Amirabad,1/1/1985,MASA,37.16891384
Mazandaran,-10,99299,36.74,53.84,Galugah,1/1/1985,MASA,34.7623769
Mazandaran,14.7,40737,36.49,52.11,Gharakhil,1/1/1985,MASA,67.54604483
Mazandaran,1294.3,40760,36.25,53.55,Kiyasar,1/1/1985,MASA,34.09188449
Mazandaran,1550,99348,36.39,51.73,Kojur,1/1/1985,MASA,64.49241304
Mazandaran,-20.9,40734,36.66,51.47,Nowshahr,1/1/1985,MASA,94.93219495
Mazandaran,610,99360,36.1,53.06,Polsefid,1/1/1985,MASA,41.81187737
Mazandaran,-20,40732,36.9,50.68,Ramsar,1/1/1985,MASA,69.47610927
Mazandaran,23,40759,36.54,53,Sari,1/1/1985,MASA,42.7808677
Mazandaran,16.7,40788,36.64,53.2,Sari (Dasht-E-Naz Airport),1/1/1985,MASA,34.92376876
Mazandaran,1855.4,40735,36.23,51.3,Siahbisheh,1/1/1985,MASA,81.58818579
Mazandaran,1805,99361,36.07,52.84,Alasht,2/1/1985,MASA,35.12528235
Mazandaran,23.7,99309,36.48,52.47,Amol,2/1/1985,MASA,48.76107347
Mazandaran,-21,40736,36.7,52.64,Babolsar,2/1/1985,MASA,56.84537822
Mazandaran,2120,99357,36.2,51.8,Baladeh,2/1/1985,MASA,32.03668988
Mazandaran,-20,99306,36.86,53.39,Bandar-E-Amirabad,2/1/1985,MASA,61.46796608
Mazandaran,-10,99299,36.74,53.84,Galugah,2/1/1985,MASA,43.05473554
Mazandaran,14.7,40737,36.49,52.11,Gharakhil,2/1/1985,MASA,45.00052547
Mazandaran,1294.3,40760,36.25,53.55,Kiyasar,2/1/1985,MASA,31.75280559
Mazandaran,1550,99348,36.39,51.73,Kojur,2/1/1985,MASA,46.54070657
Mazandaran,-20.9,40734,36.66,51.47,Nowshahr,2/1/1985,MASA,52.81444699
Mazandaran,610,99360,36.1,53.06,Polsefid,2/1/1985,MASA,32.61831415
Mazandaran,-20,40732,36.9,50.68,Ramsar,2/1/1985,MASA,62.70370829
Mazandaran,23,40759,36.54,53,Sari,2/1/1985,MASA,56.1945436
Mazandaran,16.7,40788,36.64,53.2,Sari (Dasht-E-Naz Airport),2/1/1985,MASA,48.81192505
Mazandaran,1855.4,40735,36.23,51.3,Siahbisheh,2/1/1985,MASA,38.98676956
Mazandaran,1805,99361,36.07,52.84,Alasht,3/1/1985,MASA,30.58782135
Mazandaran,23.7,99309,36.48,52.47,Amol,3/1/1985,MASA,33.25637943
Mazandaran,-21,40736,36.7,52.64,Babolsar,3/1/1985,MASA,28.71795735
Mazandaran,2120,99357,36.2,51.8,Baladeh,3/1/1985,MASA,42.78376715
Mazandaran,-20,99306,36.86,53.39,Bandar-E-Amirabad,3/1/1985,MASA,18.21756995
Mazandaran,-10,99299,36.74,53.84,Galugah,3/1/1985,MASA,17.61296786
Mazandaran,14.7,40737,36.49,52.11,Gharakhil,3/1/1985,MASA,37.98457156
Mazandaran,1294.3,40760,36.25,53.55,Kiyasar,3/1/1985,MASA,20.8039389
Mazandaran,1550,99348,36.39,51.73,Kojur,3/1/1985,MASA,48.08085078
Mazandaran,-20.9,40734,36.66,51.47,Nowshahr,3/1/1985,MASA,50.03977302
Mazandaran,610,99360,36.1,53.06,Polsefid,3/1/1985,MASA,27.66507566
Mazandaran,-20,40732,36.9,50.68,Ramsar,3/1/1985,MASA,48.46405095
Mazandaran,23,40759,36.54,53,Sari,3/1/1985,MASA,27.30432113
Mazandaran,16.7,40788,36.64,53.2,Sari (Dasht-E-Naz Airport),3/1/1985,MASA,25.44374338
Mazandaran,1855.4,40735,36.23,51.3,Siahbisheh,3/1/1985,MASA,46.64480586
Mazandaran,1805,99361,36.07,52.84,Alasht,4/1/1985,MASA,15.40446043
Mazandaran,23.7,99309,36.48,52.47,Amol,4/1/1985,MASA,14.87940457
Mazandaran,-21,40736,36.7,52.64,Babolsar,4/1/1985,MASA,18.47100633
Mazandaran,2120,99357,36.2,51.8,Baladeh,4/1/1985,MASA,16.59264159
Mazandaran,-20,99306,36.86,53.39,Bandar-E-Amirabad,4/1/1985,MASA,11.08735427
Mazandaran,-10,99299,36.74,53.84,Galugah,4/1/1985,MASA,14.38129094
Mazandaran,14.7,40737,36.49,52.11,Gharakhil,4/1/1985,MASA,11.2482608
Mazandaran,1294.3,40760,36.25,53.55,Kiyasar,4/1/1985,MASA,11.29275405
Mazandaran,1550,99348,36.39,51.73,Kojur,4/1/1985,MASA,19.04512328
Mazandaran,-20.9,40734,36.66,51.47,Nowshahr,4/1/1985,MASA,21.33750468
Mazandaran,610,99360,36.1,53.06,Polsefid,4/1/1985,MASA,11.36073861
Mazandaran,-20,40732,36.9,50.68,Ramsar,4/1/1985,MASA,31.51452014
Mazandaran,23,40759,36.54,53,Sari,4/1/1985,MASA,15.33682209
Mazandaran,16.7,40788,36.64,53.2,Sari (Dasht-E-Naz Airport),4/1/1985,MASA,10.59433395
Mazandaran,1855.4,40735,36.23,51.3,Siahbisheh,4/1/1985,MASA,15.48243171
Mazandaran,1805,99361,36.07,52.84,Alasht,5/1/1985,MASA,3.511814356
Mazandaran,23.7,99309,36.48,52.47,Amol,5/1/1985,MASA,5.710294962
Mazandaran,-21,40736,36.7,52.64,Babolsar,5/1/1985,MASA,3.966067076
Mazandaran,2120,99357,36.2,51.8,Baladeh,5/1/1985,MASA,9.400158077
Mazandaran,-20,99306,36.86,53.39,Bandar-E-Amirabad,5/1/1985,MASA,1.559979245
Mazandaran,-10,99299,36.74,53.84,Galugah,5/1/1985,MASA,1.695185572
Mazandaran,14.7,40737,36.49,52.11,Gharakhil,5/1/1985,MASA,7.489856154
Mazandaran,1294.3,40760,36.25,53.55,Kiyasar,5/1/1985,MASA,4.16099003
Mazandaran,1550,99348,36.39,51.73,Kojur,5/1/1985,MASA,6.606706262
Mazandaran,-20.9,40734,36.66,51.47,Nowshahr,5/1/1985,MASA,4.705550253
Mazandaran,610,99360,36.1,53.06,Polsefid,5/1/1985,MASA,4.872331724
Mazandaran,-20,40732,36.9,50.68,Ramsar,5/1/1985,MASA,12.37799066
Mazandaran,23,40759,36.54,53,Sari,5/1/1985,MASA,3.000692457
Mazandaran,16.7,40788,36.64,53.2,Sari (Dasht-E-Naz Airport),5/1/1985,MASA,2.375096083
Mazandaran,1855.4,40735,36.23,51.3,Siahbisheh,5/1/1985,MASA,8.999979317
Mazandaran,1805,99361,36.07,52.84,Alasht,6/1/1985,MASA,9.716775656
Mazandaran,23.7,99309,36.48,52.47,Amol,6/1/1985,MASA,3.598886371
Mazandaran,-21,40736,36.7,52.64,Babolsar,6/1/1985,MASA,1.652899146
Mazandaran,2120,99357,36.2,51.8,Baladeh,6/1/1985,MASA,8.486749411
Mazandaran,-20,99306,36.86,53.39,Bandar-E-Amirabad,6/1/1985,MASA,3.301369667
Mazandaran,-10,99299,36.74,53.84,Galugah,6/1/1985,MASA,6.524708748
Mazandaran,14.7,40737,36.49,52.11,Gharakhil,6/1/1985,MASA,6.871608019
Mazandaran,1294.3,40760,36.25,53.55,Kiyasar,6/1/1985,MASA,9.248337388
Mazandaran,1550,99348,36.39,51.73,Kojur,6/1/1985,MASA,11.31561923
Mazandaran,-20.9,40734,36.66,51.47,Nowshahr,6/1/1985,MASA,8.843325138
Mazandaran,610,99360,36.1,53.06,Polsefid,6/1/1985,MASA,5.957436323
Mazandaran,-20,40732,36.9,50.68,Ramsar,6/1/1985,MASA,5.593327761
Mazandaran,23,40759,36.54,53,Sari,6/1/1985,MASA,1.702905893
Mazandaran,16.7,40788,36.64,53.2,Sari (Dasht-E-Naz Airport),6/1/1985,MASA,1.990973711
Mazandaran,1855.4,40735,36.23,51.3,Siahbisheh,6/1/1985,MASA,7.761961579
Mazandaran,1805,99361,36.07,52.84,Alasht,7/1/1985,MASA,0
Mazandaran,23.7,99309,36.48,52.47,Amol,7/1/1985,MASA,0
Mazandaran,-21,40736,36.7,52.64,Babolsar,7/1/1985,MASA,0
Mazandaran,2120,99357,36.2,51.8,Baladeh,7/1/1985,MASA,18.83477974
Mazandaran,-20,99306,36.86,53.39,Bandar-E-Amirabad,7/1/1985,MASA,0
Mazandaran,-10,99299,36.74,53.84,Galugah,7/1/1985,MASA,0
Mazandaran,14.7,40737,36.49,52.11,Gharakhil,7/1/1985,MASA,0
Mazandaran,1294.3,40760,36.25,53.55,Kiyasar,7/1/1985,MASA,0
Mazandaran,1550,99348,36.39,51.73,Kojur,7/1/1985,MASA,0
Mazandaran,-20.9,40734,36.66,51.47,Nowshahr,7/1/1985,MASA,0
Mazandaran,610,99360,36.1,53.06,Polsefid,7/1/1985,MASA,0
Mazandaran,-20,40732,36.9,50.68,Ramsar,7/1/1985,MASA,0
Mazandaran,23,40759,36.54,53,Sari,7/1/1985,MASA,0
Mazandaran,16.7,40788,36.64,53.2,Sari (Dasht-E-Naz Airport),7/1/1985,MASA,0
Mazandaran,1855.4,40735,36.23,51.3,Siahbisheh,7/1/1985,MASA,14.08348894
Mazandaran,1805,99361,36.07,52.84,Alasht,8/1/1985,MASA,0
Mazandaran,23.7,99309,36.48,52.47,Amol,8/1/1985,MASA,0
Mazandaran,-21,40736,36.7,52.64,Babolsar,8/1/1985,MASA,0
Mazandaran,2120,99357,36.2,51.8,Baladeh,8/1/1985,MASA,40.16769505
Mazandaran,-20,99306,36.86,53.39,Bandar-E-Amirabad,8/1/1985,MASA,0
Mazandaran,-10,99299,36.74,53.84,Galugah,8/1/1985,MASA,0
Mazandaran,14.7,40737,36.49,52.11,Gharakhil,8/1/1985,MASA,0
Mazandaran,1294.3,40760,36.25,53.55,Kiyasar,8/1/1985,MASA,0
Mazandaran,1550,99348,36.39,51.73,Kojur,8/1/1985,MASA,0
Mazandaran,-20.9,40734,36.66,51.47,Nowshahr,8/1/1985,MASA,0
Mazandaran,610,99360,36.1,53.06,Polsefid,8/1/1985,MASA,0
Mazandaran,-20,40732,36.9,50.68,Ramsar,8/1/1985,MASA,0
Mazandaran,23,40759,36.54,53,Sari,8/1/1985,MASA,0
Mazandaran,16.7,40788,36.64,53.2,Sari (Dasht-E-Naz Airport),8/1/1985,MASA,0
Mazandaran,1855.4,40735,36.23,51.3,Siahbisheh,8/1/1985,MASA,8.477552414
Mazandaran,1805,99361,36.07,52.84,Alasht,9/1/1985,MASA,0
Mazandaran,23.7,99309,36.48,52.47,Amol,9/1/1985,MASA,0
Mazandaran,-21,40736,36.7,52.64,Babolsar,9/1/1985,MASA,0
Mazandaran,2120,99357,36.2,51.8,Baladeh,9/1/1985,MASA,6.522234917
Mazandaran,-20,99306,36.86,53.39,Bandar-E-Amirabad,9/1/1985,MASA,0
Mazandaran,-10,99299,36.74,53.84,Galugah,9/1/1985,MASA,0
Mazandaran,14.7,40737,36.49,52.11,Gharakhil,9/1/1985,MASA,0
Mazandaran,1294.3,40760,36.25,53.55,Kiyasar,9/1/1985,MASA,0
Mazandaran,1550,99348,36.39,51.73,Kojur,9/1/1985,MASA,0
Mazandaran,-20.9,40734,36.66,51.47,Nowshahr,9/1/1985,MASA,0
Mazandaran,610,99360,36.1,53.06,Polsefid,9/1/1985,MASA,0
Mazandaran,-20,40732,36.9,50.68,Ramsar,9/1/1985,MASA,0
Mazandaran,23,40759,36.54,53,Sari,9/1/1985,MASA,0
Mazandaran,16.7,40788,36.64,53.2,Sari (Dasht-E-Naz Airport),9/1/1985,MASA,0
Mazandaran,1855.4,40735,36.23,51.3,Siahbisheh,9/1/1985,MASA,0
Mazandaran,1805,99361,36.07,52.84,Alasht,10/1/1985,MASA,45.14134979
Mazandaran,23.7,99309,36.48,52.47,Amol,10/1/1985,MASA,63.62103319
Mazandaran,-21,40736,36.7,52.64,Babolsar,10/1/1985,MASA,106.8097887
Mazandaran,2120,99357,36.2,51.8,Baladeh,10/1/1985,MASA,78.92578888
Mazandaran,-20,99306,36.86,53.39,Bandar-E-Amirabad,10/1/1985,MASA,31.01603889
Mazandaran,-10,99299,36.74,53.84,Galugah,10/1/1985,MASA,47.29822445
Mazandaran,14.7,40737,36.49,52.11,Gharakhil,10/1/1985,MASA,85.62345219
Mazandaran,1294.3,40760,36.25,53.55,Kiyasar,10/1/1985,MASA,30.63948631
Mazandaran,1550,99348,36.39,51.73,Kojur,10/1/1985,MASA,114.2534161
Mazandaran,-20.9,40734,36.66,51.47,Nowshahr,10/1/1985,MASA,141.8069191
Mazandaran,610,99360,36.1,53.06,Polsefid,10/1/1985,MASA,32.14942789
Mazandaran,-20,40732,36.9,50.68,Ramsar,10/1/1985,MASA,94.4530015
Mazandaran,23,40759,36.54,53,Sari,10/1/1985,MASA,87.61050987
Mazandaran,16.7,40788,36.64,53.2,Sari (Dasht-E-Naz Airport),10/1/1985,MASA,64.57669973
Mazandaran,1855.4,40735,36.23,51.3,Siahbisheh,10/1/1985,MASA,51.1471262
Mazandaran,1805,99361,36.07,52.84,Alasht,11/1/1985,MASA,25.45426512
Mazandaran,23.7,99309,36.48,52.47,Amol,11/1/1985,MASA,30.13730371
Mazandaran,-21,40736,36.7,52.64,Babolsar,11/1/1985,MASA,30.74930263
Mazandaran,2120,99357,36.2,51.8,Baladeh,11/1/1985,MASA,45.04893374
Mazandaran,-20,99306,36.86,53.39,Bandar-E-Amirabad,11/1/1985,MASA,19.40931678
Mazandaran,-10,99299,36.74,53.84,Galugah,11/1/1985,MASA,14.90407801
Mazandaran,14.7,40737,36.49,52.11,Gharakhil,11/1/1985,MASA,35.171121
Mazandaran,1294.3,40760,36.25,53.55,Kiyasar,11/1/1985,MASA,19.88932127
Mazandaran,1550,99348,36.39,51.73,Kojur,11/1/1985,MASA,55.18010759
Mazandaran,-20.9,40734,36.66,51.47,Nowshahr,11/1/1985,MASA,46.04971814
Mazandaran,610,99360,36.1,53.06,Polsefid,11/1/1985,MASA,23.60593832
Mazandaran,-20,40732,36.9,50.68,Ramsar,11/1/1985,MASA,49.76216447
Mazandaran,23,40759,36.54,53,Sari,11/1/1985,MASA,32.22854364
Mazandaran,16.7,40788,36.64,53.2,Sari (Dasht-E-Naz Airport),11/1/1985,MASA,21.37281489
Mazandaran,1855.4,40735,36.23,51.3,Siahbisheh,11/1/1985,MASA,50.67698586
Mazandaran,1805,99361,36.07,52.84,Alasht,12/1/1985,MASA,29.74275142
Mazandaran,23.7,99309,36.48,52.47,Amol,12/1/1985,MASA,44.65014982
Mazandaran,-21,40736,36.7,52.64,Babolsar,12/1/1985,MASA,42.9615643
Mazandaran,2120,99357,36.2,51.8,Baladeh,12/1/1985,MASA,56.45081115
Mazandaran,-20,99306,36.86,53.39,Bandar-E-Amirabad,12/1/1985,MASA,25.3956967
Mazandaran,-10,99299,36.74,53.84,Galugah,12/1/1985,MASA,23.51012278
Mazandaran,14.7,40737,36.49,52.11,Gharakhil,12/1/1985,MASA,56.64814246
Mazandaran,1294.3,40760,36.25,53.55,Kiyasar,12/1/1985,MASA,30.34438884
Mazandaran,1550,99348,36.39,51.73,Kojur,12/1/1985,MASA,60.21342182
Mazandaran,-20.9,40734,36.66,51.47,Nowshahr,12/1/1985,MASA,54.96511126
Mazandaran,610,99360,36.1,53.06,Polsefid,12/1/1985,MASA,30.12070483
Mazandaran,-20,40732,36.9,50.68,Ramsar,12/1/1985,MASA,73.02362883
Mazandaran,23,40759,36.54,53,Sari,12/1/1985,MASA,34.86958182
Mazandaran,16.7,40788,36.64,53.2,Sari (Dasht-E-Naz Airport),12/1/1985,MASA,30.80965889
Mazandaran,1855.4,40735,36.23,51.3,Siahbisheh,12/1/1985,MASA,73.45064688
Mazandaran,1805,99361,36.07,52.84,Alasht,1/1/1986,MASA,31.41059661
Mazandaran,23.7,99309,36.48,52.47,Amol,1/1/1986,MASA,34.30382508
Mazandaran,-21,40736,36.7,52.64,Babolsar,1/1/1986,MASA,32.11533248
Mazandaran,2120,99357,36.2,51.8,Baladeh,1/1/1986,MASA,39.41412097
Mazandaran,-20,99306,36.86,53.39,Bandar-E-Amirabad,1/1/1986,MASA,24.68516356
Mazandaran,-10,99299,36.74,53.84,Galugah,1/1/1986,MASA,22.32813662
Mazandaran,14.7,40737,36.49,52.11,Gharakhil,1/1/1986,MASA,38.76224589
Mazandaran,1294.3,40760,36.25,53.55,Kiyasar,1/1/1986,MASA,24.68093687
Mazandaran,1550,99348,36.39,51.73,Kojur,1/1/1986,MASA,43.22286153
Mazandaran,-20.9,40734,36.66,51.47,Nowshahr,1/1/1986,MASA,50.16329938
Mazandaran,610,99360,36.1,53.06,Polsefid,1/1/1986,MASA,25.61876684
Mazandaran,-20,40732,36.9,50.68,Ramsar,1/1/1986,MASA,46.64872044
Mazandaran,23,40759,36.54,53,Sari,1/1/1986,MASA,30.18392915
Mazandaran,16.7,40788,36.64,53.2,Sari (Dasht-E-Naz Airport),1/1/1986,MASA,30.01562917
Mazandaran,1855.4,40735,36.23,51.3,Siahbisheh,1/1/1986,MASA,44.57078004
Mazandaran,1805,99361,36.07,52.84,Alasht,2/1/1986,MASA,29.58087617
Mazandaran,23.7,99309,36.48,52.47,Amol,2/1/1986,MASA,28.88592827
Mazandaran,-21,40736,36.7,52.64,Babolsar,2/1/1986,MASA,30.38160801
Mazandaran,2120,99357,36.2,51.8,Baladeh,2/1/1986,MASA,37.14328605
Mazandaran,-20,99306,36.86,53.39,Bandar-E-Amirabad,2/1/1986,MASA,19.71063197
Mazandaran,-10,99299,36.74,53.84,Galugah,2/1/1986,MASA,29.12077713
Mazandaran,14.7,40737,36.49,52.11,Gharakhil,2/1/1986,MASA,29.36131483
Mazandaran,1294.3,40760,36.25,53.55,Kiyasar,2/1/1986,MASA,30.24397117
Mazandaran,1550,99348,36.39,51.73,Kojur,2/1/1986,MASA,38.93274248
Mazandaran,-20.9,40734,36.66,51.47,Nowshahr,2/1/1986,MASA,38.06290829
Mazandaran,610,99360,36.1,53.06,Polsefid,2/1/1986,MASA,24.88021302
Mazandaran,-20,40732,36.9,50.68,Ramsar,2/1/1986,MASA,27.98858762
Mazandaran,23,40759,36.54,53,Sari,2/1/1986,MASA,27.95158434
Mazandaran,16.7,40788,36.64,53.2,Sari (Dasht-E-Naz Airport),2/1/1986,MASA,18.54834127
Mazandaran,1855.4,40735,36.23,51.3,Siahbisheh,2/1/1986,MASA,44.45450962
Mazandaran,1805,99361,36.07,52.84,Alasht,3/1/1986,MASA,42.20805091
Mazandaran,23.7,99309,36.48,52.47,Amol,3/1/1986,MASA,52.90312815
Mazandaran,-21,40736,36.7,52.64,Babolsar,3/1/1986,MASA,40.80687499
Mazandaran,2120,99357,36.2,51.8,Baladeh,3/1/1986,MASA,64.7647543
Mazandaran,-20,99306,36.86,53.39,Bandar-E-Amirabad,3/1/1986,MASA,33.54343879
Mazandaran,-10,99299,36.74,53.84,Galugah,3/1/1986,MASA,36.34119332
Mazandaran,14.7,40737,36.49,52.11,Gharakhil,3/1/1986,MASA,45.55441606
Mazandaran,1294.3,40760,36.25,53.55,Kiyasar,3/1/1986,MASA,42.58886558
Mazandaran,1550,99348,36.39,51.73,Kojur,3/1/1986,MASA,57.00881827
Mazandaran,-20.9,40734,36.66,51.47,Nowshahr,3/1/1986,MASA,52.24299431
Mazandaran,610,99360,36.1,53.06,Polsefid,3/1/1986,MASA,50.85360092
Mazandaran,-20,40732,36.9,50.68,Ramsar,3/1/1986,MASA,58.62045282
Mazandaran,23,40759,36.54,53,Sari,3/1/1986,MASA,41.04514509
Mazandaran,16.7,40788,36.64,53.2,Sari (Dasht-E-Naz Airport),3/1/1986,MASA,36.64867771
Mazandaran,1855.4,40735,36.23,51.3,Siahbisheh,3/1/1986,MASA,62.12665367
Mazandaran,1805,99361,36.07,52.84,Alasht,4/1/1986,MASA,28.85751045
Mazandaran,23.7,99309,36.48,52.47,Amol,4/1/1986,MASA,31.65897286
Mazandaran,-21,40736,36.7,52.64,Babolsar,4/1/1986,MASA,31.72336078
Mazandaran,2120,99357,36.2,51.8,Baladeh,4/1/1986,MASA,42.50884143
Mazandaran,-20,99306,36.86,53.39,Bandar-E-Amirabad,4/1/1986,MASA,22.89253801
Mazandaran,-10,99299,36.74,53.84,Galugah,4/1/1986,MASA,31.67421353
Mazandaran,14.7,40737,36.49,52.11,Gharakhil,4/1/1986,MASA,34.86361295
Mazandaran,1294.3,40760,36.25,53.55,Kiyasar,4/1/1986,MASA,27.79539204
Mazandaran,1550,99348,36.39,51.73,Kojur,4/1/1986,MASA,41.60382628
Mazandaran,-20.9,40734,36.66,51.47,Nowshahr,4/1/1986,MASA,37.31982806
Mazandaran,610,99360,36.1,53.06,Polsefid,4/1/1986,MASA,27.50312084
Mazandaran,-20,40732,36.9,50.68,Ramsar,4/1/1986,MASA,38.1108638
Mazandaran,23,40759,36.54,53,Sari,4/1/1986,MASA,34.23530853
Mazandaran,16.7,40788,36.64,53.2,Sari (Dasht-E-Naz Airport),4/1/1986,MASA,26.29787958
Mazandaran,1855.4,40735,36.23,51.3,Siahbisheh,4/1/1986,MASA,42.7875925
Mazandaran,1805,99361,36.07,52.84,Alasht,5/1/1986,MASA,23.31424326
Mazandaran,23.7,99309,36.48,52.47,Amol,5/1/1986,MASA,41.44857639
Mazandaran,-21,40736,36.7,52.64,Babolsar,5/1/1986,MASA,35.45036626
Mazandaran,2120,99357,36.2,51.8,Baladeh,5/1/1986,MASA,46.61294162
Mazandaran,-20,99306,36.86,53.39,Bandar-E-Amirabad,5/1/1986,MASA,9.941372812
Mazandaran,-10,99299,36.74,53.84,Galugah,5/1/1986,MASA,7.688423932
Mazandaran,14.7,40737,36.49,52.11,Gharakhil,5/1/1986,MASA,47.42982244
Mazandaran,1294.3,40760,36.25,53.55,Kiyasar,5/1/1986,MASA,14.66537562
Mazandaran,1550,99348,36.39,51.73,Kojur,5/1/1986,MASA,58.44930732
Mazandaran,-20.9,40734,36.66,51.47,Nowshahr,5/1/1986,MASA,60.76607561
Mazandaran,610,99360,36.1,53.06,Polsefid,5/1/1986,MASA,18.50921243
Mazandaran,-20,40732,36.9,50.68,Ramsar,5/1/1986,MASA,65.54691207
Mazandaran,23,40759,36.54,53,Sari,5/1/1986,MASA,31.31871873
Mazandaran,16.7,40788,36.64,53.2,Sari (Dasht-E-Naz Airport),5/1/1986,MASA,19.38415104
Mazandaran,1855.4,40735,36.23,51.3,Siahbisheh,5/1/1986,MASA,58.75139844
Mazandaran,1805,99361,36.07,52.84,Alasht,6/1/1986,MASA,12.98268592
Mazandaran,23.7,99309,36.48,52.47,Amol,6/1/1986,MASA,5.160494089
Mazandaran,-21,40736,36.7,52.64,Babolsar,6/1/1986,MASA,8.623055458
Mazandaran,2120,99357,36.2,51.8,Baladeh,6/1/1986,MASA,16.89425492
Mazandaran,-20,99306,36.86,53.39,Bandar-E-Amirabad,6/1/1986,MASA,1.125765443
Mazandaran,-10,99299,36.74,53.84,Galugah,6/1/1986,MASA,6.431587636
Mazandaran,14.7,40737,36.49,52.11,Gharakhil,6/1/1986,MASA,6.924203396
Mazandaran,1294.3,40760,36.25,53.55,Kiyasar,6/1/1986,MASA,12.90687972
Mazandaran,1550,99348,36.39,51.73,Kojur,6/1/1986,MASA,11.56079173
Mazandaran,-20.9,40734,36.66,51.47,Nowshahr,6/1/1986,MASA,12.85561275
Mazandaran,610,99360,36.1,53.06,Polsefid,6/1/1986,MASA,11.26611382
Mazandaran,-20,40732,36.9,50.68,Ramsar,6/1/1986,MASA,14.11896038
Mazandaran,23,40759,36.54,53,Sari,6/1/1986,MASA,3.486015558
Mazandaran,16.7,40788,36.64,53.2,Sari (Dasht-E-Naz Airport),6/1/1986,MASA,4.370506644
Mazandaran,1855.4,40735,36.23,51.3,Siahbisheh,6/1/1986,MASA,1.708214045
Mazandaran,1805,99361,36.07,52.84,Alasht,7/1/1986,MASA,0
Mazandaran,23.7,99309,36.48,52.47,Amol,7/1/1986,MASA,0
Mazandaran,-21,40736,36.7,52.64,Babolsar,7/1/1986,MASA,0
Mazandaran,2120,99357,36.2,51.8,Baladeh,7/1/1986,MASA,13.48065376
Mazandaran,-20,99306,36.86,53.39,Bandar-E-Amirabad,7/1/1986,MASA,0
Mazandaran,-10,99299,36.74,53.84,Galugah,7/1/1986,MASA,0
Mazandaran,14.7,40737,36.49,52.11,Gharakhil,7/1/1986,MASA,0
Mazandaran,1294.3,40760,36.25,53.55,Kiyasar,7/1/1986,MASA,0
Mazandaran,1550,99348,36.39,51.73,Kojur,7/1/1986,MASA,0
Mazandaran,-20.9,40734,36.66,51.47,Nowshahr,7/1/1986,MASA,0
Mazandaran,610,99360,36.1,53.06,Polsefid,7/1/1986,MASA,0
Mazandaran,-20,40732,36.9,50.68,Ramsar,7/1/1986,MASA,4.95566082
Mazandaran,23,40759,36.54,53,Sari,7/1/1986,MASA,0
Mazandaran,16.7,40788,36.64,53.2,Sari (Dasht-E-Naz Airport),7/1/1986,MASA,0
Mazandaran,1855.4,40735,36.23,51.3,Siahbisheh,7/1/1986,MASA,7.243107319
Mazandaran,1805,99361,36.07,52.84,Alasht,8/1/1986,MASA,40.90597391
Mazandaran,23.7,99309,36.48,52.47,Amol,8/1/1986,MASA,19.6903038
Mazandaran,-21,40736,36.7,52.64,Babolsar,8/1/1986,MASA,8.853246689
Mazandaran,2120,99357,36.2,51.8,Baladeh,8/1/1986,MASA,50.31025839
Mazandaran,-20,99306,36.86,53.39,Bandar-E-Amirabad,8/1/1986,MASA,9.119437218
Mazandaran,-10,99299,36.74,53.84,Galugah,8/1/1986,MASA,15.81630707
Mazandaran,14.7,40737,36.49,52.11,Gharakhil,8/1/1986,MASA,33.61423302
Mazandaran,1294.3,40760,36.25,53.55,Kiyasar,8/1/1986,MASA,17.68780136
Mazandaran,1550,99348,36.39,51.73,Kojur,8/1/1986,MASA,39.2530818
Mazandaran,-20.9,40734,36.66,51.47,Nowshahr,8/1/1986,MASA,7.538783073
Mazandaran,610,99360,36.1,53.06,Polsefid,8/1/1986,MASA,21.7458353
Mazandaran,-20,40732,36.9,50.68,Ramsar,8/1/1986,MASA,0
Mazandaran,23,40759,36.54,53,Sari,8/1/1986,MASA,11.74409294
Mazandaran,16.7,40788,36.64,53.2,Sari (Dasht-E-Naz Airport),8/1/1986,MASA,11.21938133
Mazandaran,1855.4,40735,36.23,51.3,Siahbisheh,8/1/1986,MASA,36.27344894
Mazandaran,1805,99361,36.07,52.84,Alasht,9/1/1986,MASA,36.44543171
Mazandaran,23.7,99309,36.48,52.47,Amol,9/1/1986,MASA,41.1759367
Mazandaran,-21,40736,36.7,52.64,Babolsar,9/1/1986,MASA,39.02218628
Mazandaran,2120,99357,36.2,51.8,Baladeh,9/1/1986,MASA,16.58656216
Mazandaran,-20,99306,36.86,53.39,Bandar-E-Amirabad,9/1/1986,MASA,27.21849632
Mazandaran,-10,99299,36.74,53.84,Galugah,9/1/1986,MASA,50.01646233
Mazandaran,14.7,40737,36.49,52.11,Gharakhil,9/1/1986,MASA,53.27746058
Mazandaran,1294.3,40760,36.25,53.55,Kiyasar,9/1/1986,MASA,45.19638538
Mazandaran,1550,99348,36.39,51.73,Kojur,9/1/1986,MASA,47.93578911
Mazandaran,-20.9,40734,36.66,51.47,Nowshahr,9/1/1986,MASA,78.42907524
Mazandaran,610,99360,36.1,53.06,Polsefid,9/1/1986,MASA,26.3009181
Mazandaran,-20,40732,36.9,50.68,Ramsar,9/1/1986,MASA,32.69039059
Mazandaran,23,40759,36.54,53,Sari,9/1/1986,MASA,56.43438816
Mazandaran,16.7,40788,36.64,53.2,Sari (Dasht-E-Naz Airport),9/1/1986,MASA,55.97101498
Mazandaran,1855.4,40735,36.23,51.3,Siahbisheh,9/1/1986,MASA,27.06131458
Mazandaran,1805,99361,36.07,52.84,Alasht,10/1/1986,MASA,25.43092442
Mazandaran,23.7,99309,36.48,52.47,Amol,10/1/1986,MASA,41.75954628
Mazandaran,-21,40736,36.7,52.64,Babolsar,10/1/1986,MASA,36.86876869
Mazandaran,2120,99357,36.2,51.8,Baladeh,10/1/1986,MASA,30.02574873
Mazandaran,-20,99306,36.86,53.39,Bandar-E-Amirabad,10/1/1986,MASA,20.77313232
Mazandaran,-10,99299,36.74,53.84,Galugah,10/1/1986,MASA,17.82939649
Mazandaran,14.7,40737,36.49,52.11,Gharakhil,10/1/1986,MASA,42.36572981
Mazandaran,1294.3,40760,36.25,53.55,Kiyasar,10/1/1986,MASA,23.33923388
Mazandaran,1550,99348,36.39,51.73,Kojur,10/1/1986,MASA,48.93877172
Mazandaran,-20.9,40734,36.66,51.47,Nowshahr,10/1/1986,MASA,70.19871187
Mazandaran,610,99360,36.1,53.06,Polsefid,10/1/1986,MASA,31.15889108
Mazandaran,-20,40732,36.9,50.68,Ramsar,10/1/1986,MASA,49.68454683
Mazandaran,23,40759,36.54,53,Sari,10/1/1986,MASA,25.95027137
Mazandaran,16.7,40788,36.64,53.2,Sari (Dasht-E-Naz Airport),10/1/1986,MASA,22.20713878
Mazandaran,1855.4,40735,36.23,51.3,Siahbisheh,10/1/1986,MASA,35.71883011
Mazandaran,1805,99361,36.07,52.84,Alasht,11/1/1986,MASA,51.83495474
Mazandaran,23.7,99309,36.48,52.47,Amol,11/1/1986,MASA,66.92882335
Mazandaran,-21,40736,36.7,52.64,Babolsar,11/1/1986,MASA,78.34679949
Mazandaran,2120,99357,36.2,51.8,Baladeh,11/1/1986,MASA,73.19193089
Mazandaran,-20,99306,36.86,53.39,Bandar-E-Amirabad,11/1/1986,MASA,53.26755488
Mazandaran,-10,99299,36.74,53.84,Galugah,11/1/1986,MASA,52.7738893
Mazandaran,14.7,40737,36.49,52.11,Gharakhil,11/1/1986,MASA,87.8782804
Mazandaran,1294.3,40760,36.25,53.55,Kiyasar,11/1/1986,MASA,47.82192802
Mazandaran,1550,99348,36.39,51.73,Kojur,11/1/1986,MASA,98.25228202
Mazandaran,-20.9,40734,36.66,51.47,Nowshahr,11/1/1986,MASA,113.9247948
Mazandaran,610,99360,36.1,53.06,Polsefid,11/1/1986,MASA,53.51340246
Mazandaran,-20,40732,36.9,50.68,Ramsar,11/1/1986,MASA,94.33288002
Mazandaran,23,40759,36.54,53,Sari,11/1/1986,MASA,63.62449765
Mazandaran,16.7,40788,36.64,53.2,Sari (Dasht-E-Naz Airport),11/1/1986,MASA,53.29412198
Mazandaran,1855.4,40735,36.23,51.3,Siahbisheh,11/1/1986,MASA,77.39945042
Mazandaran,1805,99361,36.07,52.84,Alasht,12/1/1986,MASA,35.51597881
Mazandaran,23.7,99309,36.48,52.47,Amol,12/1/1986,MASA,22.00772381
Mazandaran,-21,40736,36.7,52.64,Babolsar,12/1/1986,MASA,56.76179409
Mazandaran,2120,99357,36.2,51.8,Baladeh,12/1/1986,MASA,50.94194746
Mazandaran,-20,99306,36.86,53.39,Bandar-E-Amirabad,12/1/1986,MASA,26.5875783
Mazandaran,-10,99299,36.74,53.84,Galugah,12/1/1986,MASA,20.51516294
Mazandaran,14.7,40737,36.49,52.11,Gharakhil,12/1/1986,MASA,26.29697609
Mazandaran,1294.3,40760,36.25,53.55,Kiyasar,12/1/1986,MASA,39.4848175
Mazandaran,1550,99348,36.39,51.73,Kojur,12/1/1986,MASA,52.46107793
Mazandaran,-20.9,40734,36.66,51.47,Nowshahr,12/1/1986,MASA,59.75539708
Mazandaran,610,99360,36.1,53.06,Polsefid,12/1/1986,MASA,38.25927114
Mazandaran,-20,40732,36.9,50.68,Ramsar,12/1/1986,MASA,70.41243839
Mazandaran,23,40759,36.54,53,Sari,12/1/1986,MASA,37.53343534
Mazandaran,16.7,40788,36.64,53.2,Sari (Dasht-E-Naz Airport),12/1/1986,MASA,42.17060709
Mazandaran,1855.4,40735,36.23,51.3,Siahbisheh,12/1/1986,MASA,51.93720245
Mazandaran,1805,99361,36.07,52.84,Alasht,1/1/1987,MASA,10.88831234
Mazandaran,23.7,99309,36.48,52.47,Amol,1/1/1987,MASA,17.22495973
Mazandaran,-21,40736,36.7,52.64,Babolsar,1/1/1987,MASA,18.81699806
Mazandaran,2120,99357,36.2,51.8,Baladeh,1/1/1987,MASA,13.37999231
Mazandaran,-20,99306,36.86,53.39,Bandar-E-Amirabad,1/1/1987,MASA,19.62742144
Mazandaran,-10,99299,36.74,53.84,Galugah,1/1/1987,MASA,12.98301432
Mazandaran,14.7,40737,36.49,52.11,Gharakhil,1/1/1987,MASA,14.1503821
Mazandaran,1294.3,40760,36.25,53.55,Kiyasar,1/1/1987,MASA,14.48451531
Mazandaran,1550,99348,36.39,51.73,Kojur,1/1/1987,MASA,13.93305027
Mazandaran,-20.9,40734,36.66,51.47,Nowshahr,1/1/1987,MASA,22.41977304
Mazandaran,610,99360,36.1,53.06,Polsefid,1/1/1987,MASA,15.56123412
Mazandaran,-20,40732,36.9,50.68,Ramsar,1/1/1987,MASA,28.26346827
Mazandaran,23,40759,36.54,53,Sari,1/1/1987,MASA,19.85549408
Mazandaran,16.7,40788,36.64,53.2,Sari (Dasht-E-Naz Airport),1/1/1987,MASA,15.75769776
Mazandaran,1855.4,40735,36.23,51.3,Siahbisheh,1/1/1987,MASA,19.73008221
Mazandaran,1805,99361,36.07,52.84,Alasht,2/1/1987,MASA,31.45298594
Mazandaran,23.7,99309,36.48,52.47,Amol,2/1/1987,MASA,35.97193122
Mazandaran,-21,40736,36.7,52.64,Babolsar,2/1/1987,MASA,38.0469662
Mazandaran,2120,99357,36.2,51.8,Baladeh,2/1/1987,MASA,40.81165773
Mazandaran,-20,99306,36.86,53.39,Bandar-E-Amirabad,2/1/1987,MASA,30.33758587
Mazandaran,-10,99299,36.74,53.84,Galugah,2/1/1987,MASA,33.14329571
Mazandaran,14.7,40737,36.49,52.11,Gharakhil,2/1/1987,MASA,49.23456508
Mazandaran,1294.3,40760,36.25,53.55,Kiyasar,2/1/1987,MASA,30.86464661
Mazandaran,1550,99348,36.39,51.73,Kojur,2/1/1987,MASA,63.79327267
Mazandaran,-20.9,40734,36.66,51.47,Nowshahr,2/1/1987,MASA,61.36001211
Mazandaran,610,99360,36.1,53.06,Polsefid,2/1/1987,MASA,35.56704199
Mazandaran,-20,40732,36.9,50.68,Ramsar,2/1/1987,MASA,60.73841643
Mazandaran,23,40759,36.54,53,Sari,2/1/1987,MASA,35.54777515
Mazandaran,16.7,40788,36.64,53.2,Sari (Dasht-E-Naz Airport),2/1/1987,MASA,29.80161142
Mazandaran,1855.4,40735,36.23,51.3,Siahbisheh,2/1/1987,MASA,56.90950781
Mazandaran,1805,99361,36.07,52.84,Alasht,3/1/1987,MASA,78.52898133
Mazandaran,23.7,99309,36.48,52.47,Amol,3/1/1987,MASA,91.148669
Mazandaran,-21,40736,36.7,52.64,Babolsar,3/1/1987,MASA,88.74405682
Mazandaran,2120,99357,36.2,51.8,Baladeh,3/1/1987,MASA,93.21643054
Mazandaran,-20,99306,36.86,53.39,Bandar-E-Amirabad,3/1/1987,MASA,67.80926609
Mazandaran,-10,99299,36.74,53.84,Galugah,3/1/1987,MASA,52.35198951
Mazandaran,14.7,40737,36.49,52.11,Gharakhil,3/1/1987,MASA,101.9098058
Mazandaran,1294.3,40760,36.25,53.55,Kiyasar,3/1/1987,MASA,54.51043999
Mazandaran,1550,99348,36.39,51.73,Kojur,3/1/1987,MASA,103.5352483
Mazandaran,-20.9,40734,36.66,51.47,Nowshahr,3/1/1987,MASA,111.3215423
Mazandaran,610,99360,36.1,53.06,Polsefid,3/1/1987,MASA,62.91960359
Mazandaran,-20,40732,36.9,50.68,Ramsar,3/1/1987,MASA,108.2292979
Mazandaran,23,40759,36.54,53,Sari,3/1/1987,MASA,89.49856675
Mazandaran,16.7,40788,36.64,53.2,Sari (Dasht-E-Naz Airport),3/1/1987,MASA,92.50088072
Mazandaran,1855.4,40735,36.23,51.3,Siahbisheh,3/1/1987,MASA,97.10493577
Mazandaran,1805,99361,36.07,52.84,Alasht,4/1/1987,MASA,26.44784683
Mazandaran,23.7,99309,36.48,52.47,Amol,4/1/1987,MASA,41.8612867
Mazandaran,-21,40736,36.7,52.64,Babolsar,4/1/1987,MASA,44.29781157
Mazandaran,2120,99357,36.2,51.8,Baladeh,4/1/1987,MASA,45.6315096
Mazandaran,-20,99306,36.86,53.39,Bandar-E-Amirabad,4/1/1987,MASA,31.02959138
Mazandaran,-10,99299,36.74,53.84,Galugah,4/1/1987,MASA,25.33570808
Mazandaran,14.7,40737,36.49,52.11,Gharakhil,4/1/1987,MASA,50.87680149
Mazandaran,1294.3,40760,36.25,53.55,Kiyasar,4/1/1987,MASA,17.61825055
Mazandaran,1550,99348,36.39,51.73,Kojur,4/1/1987,MASA,54.9016149
Mazandaran,-20.9,40734,36.66,51.47,Nowshahr,4/1/1987,MASA,59.90483642
Mazandaran,610,99360,36.1,53.06,Polsefid,4/1/1987,MASA,17.5520454
Mazandaran,-20,40732,36.9,50.68,Ramsar,4/1/1987,MASA,53.22821307
Mazandaran,23,40759,36.54,53,Sari,4/1/1987,MASA,40.91923541
Mazandaran,16.7,40788,36.64,53.2,Sari (Dasht-E-Naz Airport),4/1/1987,MASA,34.59166878
Mazandaran,1855.4,40735,36.23,51.3,Siahbisheh,4/1/1987,MASA,47.61154866
Mazandaran,1805,99361,36.07,52.84,Alasht,5/1/1987,MASA,32.78718394
Mazandaran,23.7,99309,36.48,52.47,Amol,5/1/1987,MASA,32.60482532
Mazandaran,-21,40736,36.7,52.64,Babolsar,5/1/1987,MASA,25.9528206
Mazandaran,2120,99357,36.2,51.8,Baladeh,5/1/1987,MASA,35.75720301
Mazandaran,-20,99306,36.86,53.39,Bandar-E-Amirabad,5/1/1987,MASA,26.07468289
Mazandaran,-10,99299,36.74,53.84,Galugah,5/1/1987,MASA,28.82147881
Mazandaran,14.7,40737,36.49,52.11,Gharakhil,5/1/1987,MASA,33.67128533
Mazandaran,1294.3,40760,36.25,53.55,Kiyasar,5/1/1987,MASA,30.07554421
Mazandaran,1550,99348,36.39,51.73,Kojur,5/1/1987,MASA,35.95119917
Mazandaran,-20.9,40734,36.66,51.47,Nowshahr,5/1/1987,MASA,31.32348317
Mazandaran,610,99360,36.1,53.06,Polsefid,5/1/1987,MASA,30.1734131
Mazandaran,-20,40732,36.9,50.68,Ramsar,5/1/1987,MASA,22.10428512
Mazandaran,23,40759,36.54,53,Sari,5/1/1987,MASA,31.56991717
Mazandaran,16.7,40788,36.64,53.2,Sari (Dasht-E-Naz Airport),5/1/1987,MASA,29.74442542
Mazandaran,1855.4,40735,36.23,51.3,Siahbisheh,5/1/1987,MASA,36.51840353
Mazandaran,1805,99361,36.07,52.84,Alasht,6/1/1987,MASA,3.93624866
Mazandaran,23.7,99309,36.48,52.47,Amol,6/1/1987,MASA,2.693620682
Mazandaran,-21,40736,36.7,52.64,Babolsar,6/1/1987,MASA,3.392921686
Mazandaran,2120,99357,36.2,51.8,Baladeh,6/1/1987,MASA,3.608558655
Mazandaran,-20,99306,36.86,53.39,Bandar-E-Amirabad,6/1/1987,MASA,1.812352955
Mazandaran,-10,99299,36.74,53.84,Galugah,6/1/1987,MASA,1.088931561
Mazandaran,14.7,40737,36.49,52.11,Gharakhil,6/1/1987,MASA,5.315333366
Mazandaran,1294.3,40760,36.25,53.55,Kiyasar,6/1/1987,MASA,3.043401003
Mazandaran,1550,99348,36.39,51.73,Kojur,6/1/1987,MASA,5.52945137
Mazandaran,-20.9,40734,36.66,51.47,Nowshahr,6/1/1987,MASA,5.18248421
Mazandaran,610,99360,36.1,53.06,Polsefid,6/1/1987,MASA,4.239813924
Mazandaran,-20,40732,36.9,50.68,Ramsar,6/1/1987,MASA,4.443010092
Mazandaran,23,40759,36.54,53,Sari,6/1/1987,MASA,3.594241738
Mazandaran,16.7,40788,36.64,53.2,Sari (Dasht-E-Naz Airport),6/1/1987,MASA,3.269207358
Mazandaran,1855.4,40735,36.23,51.3,Siahbisheh,6/1/1987,MASA,7.163688928
Mazandaran,1805,99361,36.07,52.84,Alasht,7/1/1987,MASA,0
Mazandaran,23.7,99309,36.48,52.47,Amol,7/1/1987,MASA,0
Mazandaran,-21,40736,36.7,52.64,Babolsar,7/1/1987,MASA,8.225999832
Mazandaran,2120,99357,36.2,51.8,Baladeh,7/1/1987,MASA,27.30940485
Mazandaran,-20,99306,36.86,53.39,Bandar-E-Amirabad,7/1/1987,MASA,0
Mazandaran,-10,99299,36.74,53.84,Galugah,7/1/1987,MASA,0
Mazandaran,14.7,40737,36.49,52.11,Gharakhil,7/1/1987,MASA,0
Mazandaran,1294.3,40760,36.25,53.55,Kiyasar,7/1/1987,MASA,0
Mazandaran,1550,99348,36.39,51.73,Kojur,7/1/1987,MASA,0
Mazandaran,-20.9,40734,36.66,51.47,Nowshahr,7/1/1987,MASA,0
Mazandaran,610,99360,36.1,53.06,Polsefid,7/1/1987,MASA,0
Mazandaran,-20,40732,36.9,50.68,Ramsar,7/1/1987,MASA,5.872777939
Mazandaran,23,40759,36.54,53,Sari,7/1/1987,MASA,7.541999817
Mazandaran,16.7,40788,36.64,53.2,Sari (Dasht-E-Naz Airport),7/1/1987,MASA,0
Mazandaran,1855.4,40735,36.23,51.3,Siahbisheh,7/1/1987,MASA,14.07956314
Mazandaran,1805,99361,36.07,52.84,Alasht,8/1/1987,MASA,11.98005009
Mazandaran,23.7,99309,36.48,52.47,Amol,8/1/1987,MASA,0
Mazandaran,-21,40736,36.7,52.64,Babolsar,8/1/1987,MASA,0
Mazandaran,2120,99357,36.2,51.8,Baladeh,8/1/1987,MASA,25.83436251
Mazandaran,-20,99306,36.86,53.39,Bandar-E-Amirabad,8/1/1987,MASA,6.455999851
Mazandaran,-10,99299,36.74,53.84,Galugah,8/1/1987,MASA,12.74951172
Mazandaran,14.7,40737,36.49,52.11,Gharakhil,8/1/1987,MASA,6.257999897
Mazandaran,1294.3,40760,36.25,53.55,Kiyasar,8/1/1987,MASA,7.307191372
Mazandaran,1550,99348,36.39,51.73,Kojur,8/1/1987,MASA,8.832000732
Mazandaran,-20.9,40734,36.66,51.47,Nowshahr,8/1/1987,MASA,7.508570671
Mazandaran,610,99360,36.1,53.06,Polsefid,8/1/1987,MASA,12.70968819
Mazandaran,-20,40732,36.9,50.68,Ramsar,8/1/1987,MASA,0
Mazandaran,23,40759,36.54,53,Sari,8/1/1987,MASA,0
Mazandaran,16.7,40788,36.64,53.2,Sari (Dasht-E-Naz Airport),8/1/1987,MASA,19.67999935
Mazandaran,1855.4,40735,36.23,51.3,Siahbisheh,8/1/1987,MASA,34.02837992
Mazandaran,1805,99361,36.07,52.84,Alasht,9/1/1987,MASA,17.99804068
Mazandaran,23.7,99309,36.48,52.47,Amol,9/1/1987,MASA,13.59488297
Mazandaran,-21,40736,36.7,52.64,Babolsar,9/1/1987,MASA,18.08776045
Mazandaran,2120,99357,36.2,51.8,Baladeh,9/1/1987,MASA,22.70246744
Mazandaran,-20,99306,36.86,53.39,Bandar-E-Amirabad,9/1/1987,MASA,19.97396278
Mazandaran,-10,99299,36.74,53.84,Galugah,9/1/1987,MASA,17.44523144
Mazandaran,14.7,40737,36.49,52.11,Gharakhil,9/1/1987,MASA,36.07306767
Mazandaran,1294.3,40760,36.25,53.55,Kiyasar,9/1/1987,MASA,22.623703
Mazandaran,1550,99348,36.39,51.73,Kojur,9/1/1987,MASA,27.4937458
Mazandaran,-20.9,40734,36.66,51.47,Nowshahr,9/1/1987,MASA,20.55288506
Mazandaran,610,99360,36.1,53.06,Polsefid,9/1/1987,MASA,25.45444155
Mazandaran,-20,40732,36.9,50.68,Ramsar,9/1/1987,MASA,15.89759159
Mazandaran,23,40759,36.54,53,Sari,9/1/1987,MASA,34.6434021
Mazandaran,16.7,40788,36.64,53.2,Sari (Dasht-E-Naz Airport),9/1/1987,MASA,30.31068802
Mazandaran,1855.4,40735,36.23,51.3,Siahbisheh,9/1/1987,MASA,12.99776459
Mazandaran,1805,99361,36.07,52.84,Alasht,10/1/1987,MASA,131.5479136
Mazandaran,23.7,99309,36.48,52.47,Amol,10/1/1987,MASA,114.1156616
Mazandaran,-21,40736,36.7,52.64,Babolsar,10/1/1987,MASA,128.5724392
Mazandaran,2120,99357,36.2,51.8,Baladeh,10/1/1987,MASA,91.70239544
Mazandaran,-20,99306,36.86,53.39,Bandar-E-Amirabad,10/1/1987,MASA,51.09963036
Mazandaran,-10,99299,36.74,53.84,Galugah,10/1/1987,MASA,77.75096607
Mazandaran,14.7,40737,36.49,52.11,Gharakhil,10/1/1987,MASA,89.9230237
Mazandaran,1294.3,40760,36.25,53.55,Kiyasar,10/1/1987,MASA,92.30776596
Mazandaran,1550,99348,36.39,51.73,Kojur,10/1/1987,MASA,130.771286
Mazandaran,-20.9,40734,36.66,51.47,Nowshahr,10/1/1987,MASA,109.0432467
Mazandaran,610,99360,36.1,53.06,Polsefid,10/1/1987,MASA,117.1713681
Mazandaran,-20,40732,36.9,50.68,Ramsar,10/1/1987,MASA,142.255147
Mazandaran,23,40759,36.54,53,Sari,10/1/1987,MASA,85.26452017
Mazandaran,16.7,40788,36.64,53.2,Sari (Dasht-E-Naz Airport),10/1/1987,MASA,55.13101721
Mazandaran,1855.4,40735,36.23,51.3,Siahbisheh,10/1/1987,MASA,119.3774762
Mazandaran,1805,99361,36.07,52.84,Alasht,11/1/1987,MASA,21.70615113
Mazandaran,23.7,99309,36.48,52.47,Amol,11/1/1987,MASA,27.08268201
Mazandaran,-21,40736,36.7,52.64,Babolsar,11/1/1987,MASA,26.95753801
Mazandaran,2120,99357,36.2,51.8,Baladeh,11/1/1987,MASA,29.4008072
Mazandaran,-20,99306,36.86,53.39,Bandar-E-Amirabad,11/1/1987,MASA,20.66378784
Mazandaran,-10,99299,36.74,53.84,Galugah,11/1/1987,MASA,16.1868552
Mazandaran,14.7,40737,36.49,52.11,Gharakhil,11/1/1987,MASA,27.75075513
Mazandaran,1294.3,40760,36.25,53.55,Kiyasar,11/1/1987,MASA,16.20594758
Mazandaran,1550,99348,36.39,51.73,Kojur,11/1/1987,MASA,32.31550699
Mazandaran,-20.9,40734,36.66,51.47,Nowshahr,11/1/1987,MASA,33.00290138
Mazandaran,610,99360,36.1,53.06,Polsefid,11/1/1987,MASA,19.92775714
Mazandaran,-20,40732,36.9,50.68,Ramsar,11/1/1987,MASA,41.92538488
Mazandaran,23,40759,36.54,53,Sari,11/1/1987,MASA,23.99073684
Mazandaran,16.7,40788,36.64,53.2,Sari (Dasht-E-Naz Airport),11/1/1987,MASA,20.13531047
Mazandaran,1855.4,40735,36.23,51.3,Siahbisheh,11/1/1987,MASA,26.23967934
Mazandaran,1805,99361,36.07,52.84,Alasht,12/1/1987,MASA,38.85044527
Mazandaran,23.7,99309,36.48,52.47,Amol,12/1/1987,MASA,52.01943231
Mazandaran,-21,40736,36.7,52.64,Babolsar,12/1/1987,MASA,41.40019178
Mazandaran,2120,99357,36.2,51.8,Baladeh,12/1/1987,MASA,53.63653016
Mazandaran,-20,99306,36.86,53.39,Bandar-E-Amirabad,12/1/1987,MASA,41.18616545
Mazandaran,-10,99299,36.74,53.84,Galugah,12/1/1987,MASA,36.98610902
Mazandaran,14.7,40737,36.49,52.11,Gharakhil,12/1/1987,MASA,49.53764665
Mazandaran,1294.3,40760,36.25,53.55,Kiyasar,12/1/1987,MASA,40.98929709
Mazandaran,1550,99348,36.39,51.73,Kojur,12/1/1987,MASA,71.72460818
Mazandaran,-20.9,40734,36.66,51.47,Nowshahr,12/1/1987,MASA,69.420035
Mazandaran,610,99360,36.1,53.06,Polsefid,12/1/1987,MASA,34.28490907
Mazandaran,-20,40732,36.9,50.68,Ramsar,12/1/1987,MASA,91.25821745
Mazandaran,23,40759,36.54,53,Sari,12/1/1987,MASA,51.92780614
Mazandaran,16.7,40788,36.64,53.2,Sari (Dasht-E-Naz Airport),12/1/1987,MASA,48.70528966
Mazandaran,1855.4,40735,36.23,51.3,Siahbisheh,12/1/1987,MASA,50.6765238
Mazandaran,1805,99361,36.07,52.84,Alasht,1/1/1988,MASA,46.938591
Mazandaran,23.7,99309,36.48,52.47,Amol,1/1/1988,MASA,37.51745081
Mazandaran,-21,40736,36.7,52.64,Babolsar,1/1/1988,MASA,42.61207724
Mazandaran,2120,99357,36.2,51.8,Baladeh,1/1/1988,MASA,38.74547482
Mazandaran,-20,99306,36.86,53.39,Bandar-E-Amirabad,1/1/1988,MASA,40.11008537
Mazandaran,-10,99299,36.74,53.84,Galugah,1/1/1988,MASA,39.70141768
Mazandaran,14.7,40737,36.49,52.11,Gharakhil,1/1/1988,MASA,32.50917113
Mazandaran,1294.3,40760,36.25,53.55,Kiyasar,1/1/1988,MASA,23.70964146
Mazandaran,1550,99348,36.39,51.73,Kojur,1/1/1988,MASA,37.00210845
Mazandaran,-20.9,40734,36.66,51.47,Nowshahr,1/1/1988,MASA,65.34429812
Mazandaran,610,99360,36.1,53.06,Polsefid,1/1/1988,MASA,49.43507695
Mazandaran,-20,40732,36.9,50.68,Ramsar,1/1/1988,MASA,98.59349203
Mazandaran,23,40759,36.54,53,Sari,1/1/1988,MASA,44.13195992
Mazandaran,16.7,40788,36.64,53.2,Sari (Dasht-E-Naz Airport),1/1/1988,MASA,37.64009798
Mazandaran,1855.4,40735,36.23,51.3,Siahbisheh,1/1/1988,MASA,37.68401766
Mazandaran,1805,99361,36.07,52.84,Alasht,2/1/1988,MASA,30.25484157
Mazandaran,23.7,99309,36.48,52.47,Amol,2/1/1988,MASA,48.66727519
Mazandaran,-21,40736,36.7,52.64,Babolsar,2/1/1988,MASA,40.65570092
Mazandaran,2120,99357,36.2,51.8,Baladeh,2/1/1988,MASA,59.56292021
Mazandaran,-20,99306,36.86,53.39,Bandar-E-Amirabad,2/1/1988,MASA,29.54487205
Mazandaran,-10,99299,36.74,53.84,Galugah,2/1/1988,MASA,28.25171155
Mazandaran,14.7,40737,36.49,52.11,Gharakhil,2/1/1988,MASA,48.76991868
Mazandaran,1294.3,40760,36.25,53.55,Kiyasar,2/1/1988,MASA,32.29184246
Mazandaran,1550,99348,36.39,51.73,Kojur,2/1/1988,MASA,52.65543962
Mazandaran,-20.9,40734,36.66,51.47,Nowshahr,2/1/1988,MASA,50.25676858
Mazandaran,610,99360,36.1,53.06,Polsefid,2/1/1988,MASA,32.67072833
Mazandaran,-20,40732,36.9,50.68,Ramsar,2/1/1988,MASA,43.37273228
Mazandaran,23,40759,36.54,53,Sari,2/1/1988,MASA,38.10493672
Mazandaran,16.7,40788,36.64,53.2,Sari (Dasht-E-Naz Airport),2/1/1988,MASA,33.21366441
Mazandaran,1855.4,40735,36.23,51.3,Siahbisheh,2/1/1988,MASA,51.33822656
Mazandaran,1805,99361,36.07,52.84,Alasht,3/1/1988,MASA,37.64314812
Mazandaran,23.7,99309,36.48,52.47,Amol,3/1/1988,MASA,48.18533295
Mazandaran,-21,40736,36.7,52.64,Babolsar,3/1/1988,MASA,41.21903068
Mazandaran,2120,99357,36.2,51.8,Baladeh,3/1/1988,MASA,46.49785328
Mazandaran,-20,99306,36.86,53.39,Bandar-E-Amirabad,3/1/1988,MASA,39.07932603
Mazandaran,-10,99299,36.74,53.84,Galugah,3/1/1988,MASA,33.41071665
Mazandaran,14.7,40737,36.49,52.11,Gharakhil,3/1/1988,MASA,47.76978397
Mazandaran,1294.3,40760,36.25,53.55,Kiyasar,3/1/1988,MASA,36.30347985
Mazandaran,1550,99348,36.39,51.73,Kojur,3/1/1988,MASA,46.41313708
Mazandaran,-20.9,40734,36.66,51.47,Nowshahr,3/1/1988,MASA,54.56465387
Mazandaran,610,99360,36.1,53.06,Polsefid,3/1/1988,MASA,40.11251152
Mazandaran,-20,40732,36.9,50.68,Ramsar,3/1/1988,MASA,60.81495774
Mazandaran,23,40759,36.54,53,Sari,3/1/1988,MASA,41.07216001
Mazandaran,16.7,40788,36.64,53.2,Sari (Dasht-E-Naz Airport),3/1/1988,MASA,47.37456596
Mazandaran,1855.4,40735,36.23,51.3,Siahbisheh,3/1/1988,MASA,46.87894237
Mazandaran,1805,99361,36.07,52.84,Alasht,4/1/1988,MASA,65.87633848
Mazandaran,23.7,99309,36.48,52.47,Amol,4/1/1988,MASA,64.38887829
Mazandaran,-21,40736,36.7,52.64,Babolsar,4/1/1988,MASA,64.07705981
Mazandaran,2120,99357,36.2,51.8,Baladeh,4/1/1988,MASA,73.81874537
Mazandaran,-20,99306,36.86,53.39,Bandar-E-Amirabad,4/1/1988,MASA,58.2426421
Mazandaran,-10,99299,36.74,53.84,Galugah,4/1/1988,MASA,45.92038411
Mazandaran,14.7,40737,36.49,52.11,Gharakhil,4/1/1988,MASA,65.89463711
Mazandaran,1294.3,40760,36.25,53.55,Kiyasar,4/1/1988,MASA,56.14934224
Mazandaran,1550,99348,36.39,51.73,Kojur,4/1/1988,MASA,85.0633049
Mazandaran,-20.9,40734,36.66,51.47,Nowshahr,4/1/1988,MASA,89.8041355
Mazandaran,610,99360,36.1,53.06,Polsefid,4/1/1988,MASA,63.33972335
Mazandaran,-20,40732,36.9,50.68,Ramsar,4/1/1988,MASA,65.92960477
Mazandaran,23,40759,36.54,53,Sari,4/1/1988,MASA,64.3032136
Mazandaran,16.7,40788,36.64,53.2,Sari (Dasht-E-Naz Airport),4/1/1988,MASA,64.77568942
Mazandaran,1855.4,40735,36.23,51.3,Siahbisheh,4/1/1988,MASA,73.77453774
Mazandaran,1805,99361,36.07,52.84,Alasht,5/1/1988,MASA,9.800563574
Mazandaran,23.7,99309,36.48,52.47,Amol,5/1/1988,MASA,19.66098762
Mazandaran,-21,40736,36.7,52.64,Babolsar,5/1/1988,MASA,11.26208353
Mazandaran,2120,99357,36.2,51.8,Baladeh,5/1/1988,MASA,17.63612032
Mazandaran,-20,99306,36.86,53.39,Bandar-E-Amirabad,5/1/1988,MASA,3.157675743
Mazandaran,-10,99299,36.74,53.84,Galugah,5/1/1988,MASA,7.973119974
Mazandaran,14.7,40737,36.49,52.11,Gharakhil,5/1/1988,MASA,25.57132983
Mazandaran,1294.3,40760,36.25,53.55,Kiyasar,5/1/1988,MASA,7.357391834
Mazandaran,1550,99348,36.39,51.73,Kojur,5/1/1988,MASA,31.95019245
Mazandaran,-20.9,40734,36.66,51.47,Nowshahr,5/1/1988,MASA,9.85814476
Mazandaran,610,99360,36.1,53.06,Polsefid,5/1/1988,MASA,17.58130646
Mazandaran,-20,40732,36.9,50.68,Ramsar,5/1/1988,MASA,17.28700924
Mazandaran,23,40759,36.54,53,Sari,5/1/1988,MASA,13.5245657
Mazandaran,16.7,40788,36.64,53.2,Sari (Dasht-E-Naz Airport),5/1/1988,MASA,14.96497369
Mazandaran,1855.4,40735,36.23,51.3,Siahbisheh,5/1/1988,MASA,31.28824329
Mazandaran,1805,99361,36.07,52.84,Alasht,6/1/1988,MASA,7.78636986
Mazandaran,23.7,99309,36.48,52.47,Amol,6/1/1988,MASA,23.36007738
Mazandaran,-21,40736,36.7,52.64,Babolsar,6/1/1988,MASA,15.5076167
Mazandaran,2120,99357,36.2,51.8,Baladeh,6/1/1988,MASA,28.98718286
Mazandaran,-20,99306,36.86,53.39,Bandar-E-Amirabad,6/1/1988,MASA,8.082591534
Mazandaran,-10,99299,36.74,53.84,Galugah,6/1/1988,MASA,2.230965853
Mazandaran,14.7,40737,36.49,52.11,Gharakhil,6/1/1988,MASA,25.31816351
Mazandaran,1294.3,40760,36.25,53.55,Kiyasar,6/1/1988,MASA,11.14703554
Mazandaran,1550,99348,36.39,51.73,Kojur,6/1/1988,MASA,22.69537181
Mazandaran,-20.9,40734,36.66,51.47,Nowshahr,6/1/1988,MASA,18.35572219
Mazandaran,610,99360,36.1,53.06,Polsefid,6/1/1988,MASA,13.22787368
Mazandaran,-20,40732,36.9,50.68,Ramsar,6/1/1988,MASA,19.4946239
Mazandaran,23,40759,36.54,53,Sari,6/1/1988,MASA,15.04583019
Mazandaran,16.7,40788,36.64,53.2,Sari (Dasht-E-Naz Airport),6/1/1988,MASA,11.27475476
Mazandaran,1855.4,40735,36.23,51.3,Siahbisheh,6/1/1988,MASA,18.56622404
Mazandaran,1805,99361,36.07,52.84,Alasht,7/1/1988,MASA,20.20697594
Mazandaran,23.7,99309,36.48,52.47,Amol,7/1/1988,MASA,7.794000149
Mazandaran,-21,40736,36.7,52.64,Babolsar,7/1/1988,MASA,7.326000214
Mazandaran,2120,99357,36.2,51.8,Baladeh,7/1/1988,MASA,7.515184879
Mazandaran,-20,99306,36.86,53.39,Bandar-E-Amirabad,7/1/1988,MASA,23.05799866
Mazandaran,-10,99299,36.74,53.84,Galugah,7/1/1988,MASA,20.03999901
Mazandaran,14.7,40737,36.49,52.11,Gharakhil,7/1/1988,MASA,20.20199966
Mazandaran,1294.3,40760,36.25,53.55,Kiyasar,7/1/1988,MASA,14.27660847
Mazandaran,1550,99348,36.39,51.73,Kojur,7/1/1988,MASA,27.5700016
Mazandaran,-20.9,40734,36.66,51.47,Nowshahr,7/1/1988,MASA,7.464000702
Mazandaran,610,99360,36.1,53.06,Polsefid,7/1/1988,MASA,6.775030136
Mazandaran,-20,40732,36.9,50.68,Ramsar,7/1/1988,MASA,6.600000381
Mazandaran,23,40759,36.54,53,Sari,7/1/1988,MASA,15.71657085
Mazandaran,16.7,40788,36.64,53.2,Sari (Dasht-E-Naz Airport),7/1/1988,MASA,15.57857037
Mazandaran,1855.4,40735,36.23,51.3,Siahbisheh,7/1/1988,MASA,17.45349121
Mazandaran,1805,99361,36.07,52.84,Alasht,8/1/1988,MASA,12.91811752
Mazandaran,23.7,99309,36.48,52.47,Amol,8/1/1988,MASA,20.79808712
Mazandaran,-21,40736,36.7,52.64,Babolsar,8/1/1988,MASA,0
Mazandaran,2120,99357,36.2,51.8,Baladeh,8/1/1988,MASA,23.27313614
Mazandaran,-20,99306,36.86,53.39,Bandar-E-Amirabad,8/1/1988,MASA,6.199284554
Mazandaran,-10,99299,36.74,53.84,Galugah,8/1/1988,MASA,23.42503071
Mazandaran,14.7,40737,36.49,52.11,Gharakhil,8/1/1988,MASA,25.55296516
Mazandaran,1294.3,40760,36.25,53.55,Kiyasar,8/1/1988,MASA,19.76662064
Mazandaran,1550,99348,36.39,51.73,Kojur,8/1/1988,MASA,6.461395264
Mazandaran,-20.9,40734,36.66,51.47,Nowshahr,8/1/1988,MASA,19.39617157
Mazandaran,610,99360,36.1,53.06,Polsefid,8/1/1988,MASA,20.4164114
Mazandaran,-20,40732,36.9,50.68,Ramsar,8/1/1988,MASA,16.84799957
Mazandaran,23,40759,36.54,53,Sari,8/1/1988,MASA,0
Mazandaran,16.7,40788,36.64,53.2,Sari (Dasht-E-Naz Airport),8/1/1988,MASA,0
Mazandaran,1855.4,40735,36.23,51.3,Siahbisheh,8/1/1988,MASA,11.81430244
Mazandaran,1805,99361,36.07,52.84,Alasht,9/1/1988,MASA,0
Mazandaran,23.7,99309,36.48,52.47,Amol,9/1/1988,MASA,11.82933521
Mazandaran,-21,40736,36.7,52.64,Babolsar,9/1/1988,MASA,22.36728668
Mazandaran,2120,99357,36.2,51.8,Baladeh,9/1/1988,MASA,6.954461575
Mazandaran,-20,99306,36.86,53.39,Bandar-E-Amirabad,9/1/1988,MASA,0
Mazandaran,-10,99299,36.74,53.84,Galugah,9/1/1988,MASA,0
Mazandaran,14.7,40737,36.49,52.11,Gharakhil,9/1/1988,MASA,7.635191917
Mazandaran,1294.3,40760,36.25,53.55,Kiyasar,9/1/1988,MASA,8.801506042
Mazandaran,1550,99348,36.39,51.73,Kojur,9/1/1988,MASA,15.39146805
Mazandaran,-20.9,40734,36.66,51.47,Nowshahr,9/1/1988,MASA,34.57216644
Mazandaran,610,99360,36.1,53.06,Polsefid,9/1/1988,MASA,6.582788944
Mazandaran,-20,40732,36.9,50.68,Ramsar,9/1/1988,MASA,6.21370554
Mazandaran,23,40759,36.54,53,Sari,9/1/1988,MASA,0
Mazandaran,16.7,40788,36.64,53.2,Sari (Dasht-E-Naz Airport),9/1/1988,MASA,0
Mazandaran,1855.4,40735,36.23,51.3,Siahbisheh,9/1/1988,MASA,31.17483139
Mazandaran,1805,99361,36.07,52.84,Alasht,10/1/1988,MASA,35.16504002
Mazandaran,23.7,99309,36.48,52.47,Amol,10/1/1988,MASA,31.41391802
Mazandaran,-21,40736,36.7,52.64,Babolsar,10/1/1988,MASA,21.42616129
Mazandaran,2120,99357,36.2,51.8,Baladeh,10/1/1988,MASA,34.80908322
Mazandaran,-20,99306,36.86,53.39,Bandar-E-Amirabad,10/1/1988,MASA,19.65054131
Mazandaran,-10,99299,36.74,53.84,Galugah,10/1/1988,MASA,38.77523279
Mazandaran,14.7,40737,36.49,52.11,Gharakhil,10/1/1988,MASA,28.81151056
Mazandaran,1294.3,40760,36.25,53.55,Kiyasar,10/1/1988,MASA,19.30719233
Mazandaran,1550,99348,36.39,51.73,Kojur,10/1/1988,MASA,47.58608818
Mazandaran,-20.9,40734,36.66,51.47,Nowshahr,10/1/1988,MASA,46.43421078
Mazandaran,610,99360,36.1,53.06,Polsefid,10/1/1988,MASA,37.06003237
Mazandaran,-20,40732,36.9,50.68,Ramsar,10/1/1988,MASA,84.19720125
Mazandaran,23,40759,36.54,53,Sari,10/1/1988,MASA,21.63465428
Mazandaran,16.7,40788,36.64,53.2,Sari (Dasht-E-Naz Airport),10/1/1988,MASA,27.82014346
Mazandaran,1855.4,40735,36.23,51.3,Siahbisheh,10/1/1988,MASA,31.54657507
Mazandaran,1805,99361,36.07,52.84,Alasht,11/1/1988,MASA,31.04511952
Mazandaran,23.7,99309,36.48,52.47,Amol,11/1/1988,MASA,34.94915998
Mazandaran,-21,40736,36.7,52.64,Babolsar,11/1/1988,MASA,36.10968411
Mazandaran,2120,99357,36.2,51.8,Baladeh,11/1/1988,MASA,25.83616519
Mazandaran,-20,99306,36.86,53.39,Bandar-E-Amirabad,11/1/1988,MASA,23.19820154
Mazandaran,-10,99299,36.74,53.84,Galugah,11/1/1988,MASA,17.30398762
Mazandaran,14.7,40737,36.49,52.11,Gharakhil,11/1/1988,MASA,31.90452975
Mazandaran,1294.3,40760,36.25,53.55,Kiyasar,11/1/1988,MASA,25.12089431
Mazandaran,1550,99348,36.39,51.73,Kojur,11/1/1988,MASA,31.10773873
Mazandaran,-20.9,40734,36.66,51.47,Nowshahr,11/1/1988,MASA,46.74587631
Mazandaran,610,99360,36.1,53.06,Polsefid,11/1/1988,MASA,26.95000291
Mazandaran,-20,40732,36.9,50.68,Ramsar,11/1/1988,MASA,56.23922169
Mazandaran,23,40759,36.54,53,Sari,11/1/1988,MASA,31.03226149
Mazandaran,16.7,40788,36.64,53.2,Sari (Dasht-E-Naz Airport),11/1/1988,MASA,28.31785619
Mazandaran,1855.4,40735,36.23,51.3,Siahbisheh,11/1/1988,MASA,41.69222927
Mazandaran,1805,99361,36.07,52.84,Alasht,12/1/1988,MASA,26.37178528
Mazandaran,23.7,99309,36.48,52.47,Amol,12/1/1988,MASA,30.8738516
Mazandaran,-21,40736,36.7,52.64,Babolsar,12/1/1988,MASA,33.72052056
Mazandaran,2120,99357,36.2,51.8,Baladeh,12/1/1988,MASA,35.94881821
Mazandaran,-20,99306,36.86,53.39,Bandar-E-Amirabad,12/1/1988,MASA,23.68621641
Mazandaran,-10,99299,36.74,53.84,Galugah,12/1/1988,MASA,21.77540219
Mazandaran,14.7,40737,36.49,52.11,Gharakhil,12/1/1988,MASA,35.53388488
Mazandaran,1294.3,40760,36.25,53.55,Kiyasar,12/1/1988,MASA,22.3608731
Mazandaran,1550,99348,36.39,51.73,Kojur,12/1/1988,MASA,44.09812713
Mazandaran,-20.9,40734,36.66,51.47,Nowshahr,12/1/1988,MASA,40.0262804
Mazandaran,610,99360,36.1,53.06,Polsefid,12/1/1988,MASA,26.91651392
Mazandaran,-20,40732,36.9,50.68,Ramsar,12/1/1988,MASA,55.60127962
Mazandaran,23,40759,36.54,53,Sari,12/1/1988,MASA,35.21263325
Mazandaran,16.7,40788,36.64,53.2,Sari (Dasht-E-Naz Airport),12/1/1988,MASA,29.31602657
Mazandaran,1855.4,40735,36.23,51.3,Siahbisheh,12/1/1988,MASA,35.41624409
Mazandaran,1805,99361,36.07,52.84,Alasht,1/1/1989,MASA,29.18704414
Mazandaran,23.7,99309,36.48,52.47,Amol,1/1/1989,MASA,31.50483751
Mazandaran,-21,40736,36.7,52.64,Babolsar,1/1/1989,MASA,49.42869711
Mazandaran,2120,99357,36.2,51.8,Baladeh,1/1/1989,MASA,37.64829969
Mazandaran,-20,99306,36.86,53.39,Bandar-E-Amirabad,1/1/1989,MASA,32.87765169
Mazandaran,-10,99299,36.74,53.84,Galugah,1/1/1989,MASA,54.16187286
Mazandaran,14.7,40737,36.49,52.11,Gharakhil,1/1/1989,MASA,25.81957531
Mazandaran,1294.3,40760,36.25,53.55,Kiyasar,1/1/1989,MASA,16.98248959
Mazandaran,1550,99348,36.39,51.73,Kojur,1/1/1989,MASA,39.94543076
Mazandaran,-20.9,40734,36.66,51.47,Nowshahr,1/1/1989,MASA,21.43459988
Mazandaran,610,99360,36.1,53.06,Polsefid,1/1/1989,MASA,35.63304758
Mazandaran,-20,40732,36.9,50.68,Ramsar,1/1/1989,MASA,28.51253414
Mazandaran,23,40759,36.54,53,Sari,1/1/1989,MASA,28.96078396
Mazandaran,16.7,40788,36.64,53.2,Sari (Dasht-E-Naz Airport),1/1/1989,MASA,33.71226358
Mazandaran,1855.4,40735,36.23,51.3,Siahbisheh,1/1/1989,MASA,59.22959185
Mazandaran,1805,99361,36.07,52.84,Alasht,2/1/1989,MASA,17.8628583
Mazandaran,23.7,99309,36.48,52.47,Amol,2/1/1989,MASA,25.77655649
Mazandaran,-21,40736,36.7,52.64,Babolsar,2/1/1989,MASA,24.09391856
Mazandaran,2120,99357,36.2,51.8,Baladeh,2/1/1989,MASA,25.79921031
Mazandaran,-20,99306,36.86,53.39,Bandar-E-Amirabad,2/1/1989,MASA,17.51585293
Mazandaran,-10,99299,36.74,53.84,Galugah,2/1/1989,MASA,15.66737175
Mazandaran,14.7,40737,36.49,52.11,Gharakhil,2/1/1989,MASA,33.90372825
Mazandaran,1294.3,40760,36.25,53.55,Kiyasar,2/1/1989,MASA,19.32166672
Mazandaran,1550,99348,36.39,51.73,Kojur,2/1/1989,MASA,21.11263657
Mazandaran,-20.9,40734,36.66,51.47,Nowshahr,2/1/1989,MASA,66.94073772
Mazandaran,610,99360,36.1,53.06,Polsefid,2/1/1989,MASA,20.19473982
Mazandaran,-20,40732,36.9,50.68,Ramsar,2/1/1989,MASA,51.61600399
Mazandaran,23,40759,36.54,53,Sari,2/1/1989,MASA,21.52869892
Mazandaran,16.7,40788,36.64,53.2,Sari (Dasht-E-Naz Airport),2/1/1989,MASA,22.18034983
Mazandaran,1855.4,40735,36.23,51.3,Siahbisheh,2/1/1989,MASA,39.49966741
Mazandaran,1805,99361,36.07,52.84,Alasht,3/1/1989,MASA,50.21492767
Mazandaran,23.7,99309,36.48,52.47,Amol,3/1/1989,MASA,62.50323093
Mazandaran,-21,40736,36.7,52.64,Babolsar,3/1/1989,MASA,62.7178793
Mazandaran,2120,99357,36.2,51.8,Baladeh,3/1/1989,MASA,59.00822449
Mazandaran,-20,99306,36.86,53.39,Bandar-E-Amirabad,3/1/1989,MASA,53.31262875
Mazandaran,-10,99299,36.74,53.84,Galugah,3/1/1989,MASA,71.28772259
Mazandaran,14.7,40737,36.49,52.11,Gharakhil,3/1/1989,MASA,59.3374846
Mazandaran,1294.3,40760,36.25,53.55,Kiyasar,3/1/1989,MASA,51.65335107
Mazandaran,1550,99348,36.39,51.73,Kojur,3/1/1989,MASA,71.70482516
Mazandaran,-20.9,40734,36.66,51.47,Nowshahr,3/1/1989,MASA,72.58237004
Mazandaran,610,99360,36.1,53.06,Polsefid,3/1/1989,MASA,51.15279806
Mazandaran,-20,40732,36.9,50.68,Ramsar,3/1/1989,MASA,75.44687808
Mazandaran,23,40759,36.54,53,Sari,3/1/1989,MASA,62.73619652
Mazandaran,16.7,40788,36.64,53.2,Sari (Dasht-E-Naz Airport),3/1/1989,MASA,63.66319156
Mazandaran,1855.4,40735,36.23,51.3,Siahbisheh,3/1/1989,MASA,61.35580182
Mazandaran,1805,99361,36.07,52.84,Alasht,4/1/1989,MASA,9.746617675
Mazandaran,23.7,99309,36.48,52.47,Amol,4/1/1989,MASA,6.853380322
Mazandaran,-21,40736,36.7,52.64,Babolsar,4/1/1989,MASA,8.13847357
Mazandaran,2120,99357,36.2,51.8,Baladeh,4/1/1989,MASA,7.273669362
Mazandaran,-20,99306,36.86,53.39,Bandar-E-Amirabad,4/1/1989,MASA,5.163943231
Mazandaran,-10,99299,36.74,53.84,Galugah,4/1/1989,MASA,5.4865731
Mazandaran,14.7,40737,36.49,52.11,Gharakhil,4/1/1989,MASA,6.339054883
Mazandaran,1294.3,40760,36.25,53.55,Kiyasar,4/1/1989,MASA,7.926858664
Mazandaran,1550,99348,36.39,51.73,Kojur,4/1/1989,MASA,11.27686137
Mazandaran,-20.9,40734,36.66,51.47,Nowshahr,4/1/1989,MASA,12.03898227
Mazandaran,610,99360,36.1,53.06,Polsefid,4/1/1989,MASA,9.089398742
Mazandaran,-20,40732,36.9,50.68,Ramsar,4/1/1989,MASA,9.608549297
Mazandaran,23,40759,36.54,53,Sari,4/1/1989,MASA,5.731861353
Mazandaran,16.7,40788,36.64,53.2,Sari (Dasht-E-Naz Airport),4/1/1989,MASA,6.871906579
Mazandaran,1855.4,40735,36.23,51.3,Siahbisheh,4/1/1989,MASA,10.43917447
Mazandaran,1805,99361,36.07,52.84,Alasht,5/1/1989,MASA,7.320592403
Mazandaran,23.7,99309,36.48,52.47,Amol,5/1/1989,MASA,7.8216362
Mazandaran,-21,40736,36.7,52.64,Babolsar,5/1/1989,MASA,5.845693707
Mazandaran,2120,99357,36.2,51.8,Baladeh,5/1/1989,MASA,11.93065119
Mazandaran,-20,99306,36.86,53.39,Bandar-E-Amirabad,5/1/1989,MASA,5.681209743
Mazandaran,-10,99299,36.74,53.84,Galugah,5/1/1989,MASA,1.874174476
Mazandaran,14.7,40737,36.49,52.11,Gharakhil,5/1/1989,MASA,9.459283352
Mazandaran,1294.3,40760,36.25,53.55,Kiyasar,5/1/1989,MASA,7.983620763
Mazandaran,1550,99348,36.39,51.73,Kojur,5/1/1989,MASA,12.21294343
Mazandaran,-20.9,40734,36.66,51.47,Nowshahr,5/1/1989,MASA,10.22320461
Mazandaran,610,99360,36.1,53.06,Polsefid,5/1/1989,MASA,8.667048812
Mazandaran,-20,40732,36.9,50.68,Ramsar,5/1/1989,MASA,8.9209764
Mazandaran,23,40759,36.54,53,Sari,5/1/1989,MASA,5.230445445
Mazandaran,16.7,40788,36.64,53.2,Sari (Dasht-E-Naz Airport),5/1/1989,MASA,3.894298553
Mazandaran,1855.4,40735,36.23,51.3,Siahbisheh,5/1/1989,MASA,18.22180569
Mazandaran,1805,99361,36.07,52.84,Alasht,6/1/1989,MASA,16.07527971
Mazandaran,23.7,99309,36.48,52.47,Amol,6/1/1989,MASA,3.130672932
Mazandaran,-21,40736,36.7,52.64,Babolsar,6/1/1989,MASA,0
Mazandaran,2120,99357,36.2,51.8,Baladeh,6/1/1989,MASA,6.917038202
Mazandaran,-20,99306,36.86,53.39,Bandar-E-Amirabad,6/1/1989,MASA,2.121733189
Mazandaran,-10,99299,36.74,53.84,Galugah,6/1/1989,MASA,6.92650795
Mazandaran,14.7,40737,36.49,52.11,Gharakhil,6/1/1989,MASA,9.107629538
Mazandaran,1294.3,40760,36.25,53.55,Kiyasar,6/1/1989,MASA,5.2431283
Mazandaran,1550,99348,36.39,51.73,Kojur,6/1/1989,MASA,6.225936413
Mazandaran,-20.9,40734,36.66,51.47,Nowshahr,6/1/1989,MASA,0
Mazandaran,610,99360,36.1,53.06,Polsefid,6/1/1989,MASA,10.97434998
Mazandaran,-20,40732,36.9,50.68,Ramsar,6/1/1989,MASA,0
Mazandaran,23,40759,36.54,53,Sari,6/1/1989,MASA,0
Mazandaran,16.7,40788,36.64,53.2,Sari (Dasht-E-Naz Airport),6/1/1989,MASA,2.21482563
Mazandaran,1855.4,40735,36.23,51.3,Siahbisheh,6/1/1989,MASA,6.974058151
Mazandaran,1805,99361,36.07,52.84,Alasht,7/1/1989,MASA,0
Mazandaran,23.7,99309,36.48,52.47,Amol,7/1/1989,MASA,0
Mazandaran,-21,40736,36.7,52.64,Babolsar,7/1/1989,MASA,0
Mazandaran,2120,99357,36.2,51.8,Baladeh,7/1/1989,MASA,0
Mazandaran,-20,99306,36.86,53.39,Bandar-E-Amirabad,7/1/1989,MASA,0
Mazandaran,-10,99299,36.74,53.84,Galugah,7/1/1989,MASA,0
Mazandaran,14.7,40737,36.49,52.11,Gharakhil,7/1/1989,MASA,0
Mazandaran,1294.3,40760,36.25,53.55,Kiyasar,7/1/1989,MASA,0
Mazandaran,1550,99348,36.39,51.73,Kojur,7/1/1989,MASA,0
Mazandaran,-20.9,40734,36.66,51.47,Nowshahr,7/1/1989,MASA,0
Mazandaran,610,99360,36.1,53.06,Polsefid,7/1/1989,MASA,0
Mazandaran,-20,40732,36.9,50.68,Ramsar,7/1/1989,MASA,0
Mazandaran,23,40759,36.54,53,Sari,7/1/1989,MASA,6.113999367
Mazandaran,16.7,40788,36.64,53.2,Sari (Dasht-E-Naz Airport),7/1/1989,MASA,6.420000076
Mazandaran,1855.4,40735,36.23,51.3,Siahbisheh,7/1/1989,MASA,5.80672884
Mazandaran,1805,99361,36.07,52.84,Alasht,8/1/1989,MASA,5.81626606
Mazandaran,23.7,99309,36.48,52.47,Amol,8/1/1989,MASA,0
Mazandaran,-21,40736,36.7,52.64,Babolsar,8/1/1989,MASA,0
Mazandaran,2120,99357,36.2,51.8,Baladeh,8/1/1989,MASA,44.11547565
Mazandaran,-20,99306,36.86,53.39,Bandar-E-Amirabad,8/1/1989,MASA,0
Mazandaran,-10,99299,36.74,53.84,Galugah,8/1/1989,MASA,0
Mazandaran,14.7,40737,36.49,52.11,Gharakhil,8/1/1989,MASA,0
Mazandaran,1294.3,40760,36.25,53.55,Kiyasar,8/1/1989,MASA,0
Mazandaran,1550,99348,36.39,51.73,Kojur,8/1/1989,MASA,0
Mazandaran,-20.9,40734,36.66,51.47,Nowshahr,8/1/1989,MASA,0
Mazandaran,610,99360,36.1,53.06,Polsefid,8/1/1989,MASA,5.805707932
Mazandaran,-20,40732,36.9,50.68,Ramsar,8/1/1989,MASA,0
Mazandaran,23,40759,36.54,53,Sari,8/1/1989,MASA,0
Mazandaran,16.7,40788,36.64,53.2,Sari (Dasht-E-Naz Airport),8/1/1989,MASA,0
Mazandaran,1855.4,40735,36.23,51.3,Siahbisheh,8/1/1989,MASA,50.2941227
Mazandaran,1805,99361,36.07,52.84,Alasht,9/1/1989,MASA,0
Mazandaran,23.7,99309,36.48,52.47,Amol,9/1/1989,MASA,0
Mazandaran,-21,40736,36.7,52.64,Babolsar,9/1/1989,MASA,0
Mazandaran,2120,99357,36.2,51.8,Baladeh,9/1/1989,MASA,7.021715164
Mazandaran,-20,99306,36.86,53.39,Bandar-E-Amirabad,9/1/1989,MASA,10.04400063
Mazandaran,-10,99299,36.74,53.84,Galugah,9/1/1989,MASA,0
Mazandaran,14.7,40737,36.49,52.11,Gharakhil,9/1/1989,MASA,0
Mazandaran,1294.3,40760,36.25,53.55,Kiyasar,9/1/1989,MASA,0
Mazandaran,1550,99348,36.39,51.73,Kojur,9/1/1989,MASA,0
Mazandaran,-20.9,40734,36.66,51.47,Nowshahr,9/1/1989,MASA,0
Mazandaran,610,99360,36.1,53.06,Polsefid,9/1/1989,MASA,0
Mazandaran,-20,40732,36.9,50.68,Ramsar,9/1/1989,MASA,0
Mazandaran,23,40759,36.54,53,Sari,9/1/1989,MASA,10.53000069
Mazandaran,16.7,40788,36.64,53.2,Sari (Dasht-E-Naz Airport),9/1/1989,MASA,0
Mazandaran,1855.4,40735,36.23,51.3,Siahbisheh,9/1/1989,MASA,7.981714725
Mazandaran,1805,99361,36.07,52.84,Alasht,10/1/1989,MASA,17.45164108
Mazandaran,23.7,99309,36.48,52.47,Amol,10/1/1989,MASA,38.6224494
Mazandaran,-21,40736,36.7,52.64,Babolsar,10/1/1989,MASA,20.30187607
Mazandaran,2120,99357,36.2,51.8,Baladeh,10/1/1989,MASA,64.5502615
Mazandaran,-20,99306,36.86,53.39,Bandar-E-Amirabad,10/1/1989,MASA,12.95948315
Mazandaran,-10,99299,36.74,53.84,Galugah,10/1/1989,MASA,0
Mazandaran,14.7,40737,36.49,52.11,Gharakhil,10/1/1989,MASA,28.78528738
Mazandaran,1294.3,40760,36.25,53.55,Kiyasar,10/1/1989,MASA,27.75196171
Mazandaran,1550,99348,36.39,51.73,Kojur,10/1/1989,MASA,63.90868235
Mazandaran,-20.9,40734,36.66,51.47,Nowshahr,10/1/1989,MASA,43.16436672
Mazandaran,610,99360,36.1,53.06,Polsefid,10/1/1989,MASA,27.20444489
Mazandaran,-20,40732,36.9,50.68,Ramsar,10/1/1989,MASA,35.9196682
Mazandaran,23,40759,36.54,53,Sari,10/1/1989,MASA,0
Mazandaran,16.7,40788,36.64,53.2,Sari (Dasht-E-Naz Airport),10/1/1989,MASA,0
Mazandaran,1855.4,40735,36.23,51.3,Siahbisheh,10/1/1989,MASA,56.82271194
Mazandaran,1805,99361,36.07,52.84,Alasht,11/1/1989,MASA,12.58012998
Mazandaran,23.7,99309,36.48,52.47,Amol,11/1/1989,MASA,13.493797
Mazandaran,-21,40736,36.7,52.64,Babolsar,11/1/1989,MASA,16.08975565
Mazandaran,2120,99357,36.2,51.8,Baladeh,11/1/1989,MASA,11.49441707
Mazandaran,-20,99306,36.86,53.39,Bandar-E-Amirabad,11/1/1989,MASA,13.00076771
Mazandaran,-10,99299,36.74,53.84,Galugah,11/1/1989,MASA,13.76248801
Mazandaran,14.7,40737,36.49,52.11,Gharakhil,11/1/1989,MASA,16.45853484
Mazandaran,1294.3,40760,36.25,53.55,Kiyasar,11/1/1989,MASA,13.33003616
Mazandaran,1550,99348,36.39,51.73,Kojur,11/1/1989,MASA,16.38030356
Mazandaran,-20.9,40734,36.66,51.47,Nowshahr,11/1/1989,MASA,15.42352611
Mazandaran,610,99360,36.1,53.06,Polsefid,11/1/1989,MASA,13.61456335
Mazandaran,-20,40732,36.9,50.68,Ramsar,11/1/1989,MASA,39.33522666
Mazandaran,23,40759,36.54,53,Sari,11/1/1989,MASA,16.05399287
Mazandaran,16.7,40788,36.64,53.2,Sari (Dasht-E-Naz Airport),11/1/1989,MASA,19.5779978
Mazandaran,1855.4,40735,36.23,51.3,Siahbisheh,11/1/1989,MASA,12.28562289
Mazandaran,1805,99361,36.07,52.84,Alasht,12/1/1989,MASA,37.43014956
Mazandaran,23.7,99309,36.48,52.47,Amol,12/1/1989,MASA,58.79903078
Mazandaran,-21,40736,36.7,52.64,Babolsar,12/1/1989,MASA,54.77943254
Mazandaran,2120,99357,36.2,51.8,Baladeh,12/1/1989,MASA,49.01566911
Mazandaran,-20,99306,36.86,53.39,Bandar-E-Amirabad,12/1/1989,MASA,36.42127728
Mazandaran,-10,99299,36.74,53.84,Galugah,12/1/1989,MASA,38.81150079
Mazandaran,14.7,40737,36.49,52.11,Gharakhil,12/1/1989,MASA,53.56290102
Mazandaran,1294.3,40760,36.25,53.55,Kiyasar,12/1/1989,MASA,29.03304005
Mazandaran,1550,99348,36.39,51.73,Kojur,12/1/1989,MASA,53.04758263
Mazandaran,-20.9,40734,36.66,51.47,Nowshahr,12/1/1989,MASA,78.7266202
Mazandaran,610,99360,36.1,53.06,Polsefid,12/1/1989,MASA,38.50189853
Mazandaran,-20,40732,36.9,50.68,Ramsar,12/1/1989,MASA,100.5703053
Mazandaran,23,40759,36.54,53,Sari,12/1/1989,MASA,62.69638038
Mazandaran,16.7,40788,36.64,53.2,Sari (Dasht-E-Naz Airport),12/1/1989,MASA,52.68800545
Mazandaran,1855.4,40735,36.23,51.3,Siahbisheh,12/1/1989,MASA,73.94778156
